User_ID,Name,Gender,Age,Religion,Location,Education,Job_Title,preferences
1,Simran,Female,23,Hindu,Kolkata,B.E.,Civil Engineer,Looking for Kolkata
2,Preeti,Female,34,Hindu,Hyderabad,B.Tech,DevOps Engineer,Looking for Hyderabad
3,Kiara,Female,35,Hindu,Bangalore,BFA,UI/UX Designer,Looking for Bangalore
4,Krishna,Male,23,Hindu,Chennai,MCA,Software Developer,Looking for Chennai
5,Megha,Female,35,Hindu,Hyderabad,B.E.,Mechanical Engineer,Looking for Hyderabad
6,Ishaan,Male,28,Hindu,Chennai,B.Tech,UI/UX Designer,Looking for Chennai
7,Komal,Female,28,Hindu,Gurgaon,B.Tech,Backend Developer,Looking for Chennai
8,Akash,Male,23,Sikh,Mumbai,B.E.,Civil Engineer,Looking for Mumbai
9,Pari,Female,28,Muslim,Chennai,PhD CS,ML Engineer,Looking for Kolkata
10,Kartik,Male,21,Hindu,Hyderabad,M.Tech,ML Engineer,Looking for Hyderabad
11,Rajesh,Male,35,Hindu,Noida,MS in CS,AI Engineer,Looking for Noida
12,Abhishek,Male,21,Hindu,Hyderabad,B.Tech,DevOps Engineer,Looking for Hyderabad
13,Ramesh,Male,24,Hindu,Hyderabad,MD,Doctor,Looking for Hyderabad
14,Ayaan,Male,27,Hindu,Pune,CFA,Investment Banker,Looking for Pune
15,Pranav,Male,24,Sikh,Kolkata,CA,Chartered Accountant,Looking for Kolkata
16,Vanshika,Female,25,Hindu,Delhi,B.E.,Software Developer,Looking for Delhi
17,Harsh,Male,28,Sikh,Noida,LLM,Lawyer,Looking for Noida
18,Vivek,Male,34,Muslim,Mumbai,B.Tech,Product Manager,Looking for Mumbai
19,Deepak,Male,22,Hindu,Delhi,B.Ed,Teacher,Looking for Delhi
20,Ramesh,Male,21,Hindu,Hyderabad,PGDM,Marketing Manager,Looking for Hyderabad
21,Harsh,Male,32,Hindu,Chennai,CA,Chartered Accountant,Looking for Chennai
22,Arjun,Male,34,Hindu,Pune,Bachelor of Design,Product Designer,Looking for Pune
23,Saanvi,Female,23,Hindu,Kolkata,CFA,Investment Banker,Looking for Delhi
24,Meera,Female,24,Hindu,Chennai,MD,Pediatrician,Looking for Delhi
25,Ishaan,Male,24,Hindu,Ahmedabad,MS in CS,Data Scientist,Looking for Ahmedabad
26,Karan,Male,26,Hindu,Noida,M.Ed,Teacher,Looking for Noida
27,Deepak,Male,25,Hindu,Ahmedabad,MBBS,Pediatrician,Looking for Ahmedabad
28,Akash,Male,23,Hindu,Gurgaon,M.Tech,Professor,Looking for Gurgaon
29,Mayank,Male,27,Hindu,Gurgaon,M.Tech,ML Engineer,Looking for Gurgaon
30,Rohan,Male,29,Hindu,Gurgaon,B.E.,Full Stack Developer,Looking for Gurgaon
31,Aditya,Male,34,Muslim,Chennai,MCA,Frontend Developer,Looking for Chennai
32,Simran,Female,34,Hindu,Pune,CA,Financial Analyst,Looking for Noida
33,Rahul,Male,31,Hindu,Noida,MD,Pediatrician,Looking for Pune
34,Yash,Male,26,Hindu,Hyderabad,M.Tech,Professor,Looking for Hyderabad
35,Ishaan,Male,35,Hindu,Kolkata,B.Tech,Civil Engineer,Looking for Kolkata
36,Rohan,Male,32,Hindu,Gurgaon,LLB,Lawyer,Looking for Gurgaon
37,Kavya,Female,21,Muslim,Delhi,MD,Pediatrician,Looking for Hyderabad
38,Sneha,Female,34,Hindu,Mumbai,CFA,Financial Analyst,Looking for Mumbai
39,Rahul,Male,33,Hindu,Pune,B.Tech,Frontend Developer,Looking for Pune
40,Vikram,Male,25,Hindu,Pune,CA,Finance Manager,Looking for Hyderabad
41,Rahul,Male,26,Hindu,Bangalore,MBA,Business Analyst,Looking for Bangalore
42,Vivek,Male,31,Hindu,Kolkata,PGDM,HR Manager,Looking for Kolkata
43,Sakshi,Female,30,Hindu,Bangalore,B.E.,Mechanical Engineer,Looking for Gurgaon
44,Priya,Female,33,Hindu,Chennai,CA,Auditor,Looking for Gurgaon
45,Priya,Female,29,Hindu,Delhi,M.Tech,DevOps Engineer,Looking for Pune
46,Rohan,Male,34,Hindu,Delhi,PhD CS,ML Engineer,Looking for Chennai
47,Aaradhya,Female,22,Hindu,Noida,BBA,Marketing Manager,Looking for Mumbai
48,Kartik,Male,26,Hindu,Bangalore,CA,Investment Banker,Looking for Bangalore
49,Sanjay,Male,24,Hindu,Chennai,B.E.,Civil Engineer,Looking for Chennai
50,Sahil,Male,24,Muslim,Kolkata,MBBS,Cardiologist,Looking for Kolkata
51,Ishita,Female,25,Sikh,Mumbai,B.Com,Business Analyst,Looking for Mumbai
52,Amit,Male,29,Hindu,Chennai,MBBS,Cardiologist,Looking for Chennai
53,Nikhil,Male,35,Christian,Delhi,MD,Physician,Looking for Mumbai
54,Ishita,Female,31,Hindu,Ahmedabad,B.Tech,Product Manager,Looking for Ahmedabad
55,Simran,Female,26,Muslim,Mumbai,MD,Cardiologist,Looking for Mumbai
56,Sahil,Male,25,Christian,Gurgaon,BFA,Product Designer,Looking for Gurgaon
57,Krishna,Male,28,Hindu,Hyderabad,M.Tech,Professor,Looking for Hyderabad
58,Varun,Male,34,Hindu,Hyderabad,B.Ed,Teacher,Looking for Hyderabad
59,Swati,Female,29,Hindu,Ahmedabad,B.Tech,SDE,Looking for Ahmedabad
60,Rajesh,Male,21,Hindu,Ahmedabad,B.Tech,Civil Engineer,Looking for Ahmedabad
61,Akash,Male,31,Hindu,Chennai,MBA,Marketing Manager,Looking for Chennai
62,Tara,Female,21,Hindu,Gurgaon,B.Com,Business Analyst,Looking for Gurgaon
63,Diya,Female,35,Christian,Kolkata,B.Tech,Product Manager,Looking for Noida
64,Siddharth,Male,25,Hindu,Hyderabad,Bachelor of Design,Product Designer,Looking for Hyderabad
65,Vanshika,Female,27,Muslim,Mumbai,MCA,SDE,Looking for Gurgaon
66,Shruti,Female,27,Hindu,Bangalore,MBA,Financial Analyst,Looking for Bangalore
67,Yash,Male,25,Sikh,Noida,MBBS,Cardiologist,Looking for Noida
68,Krishna,Male,27,Hindu,Chennai,M.Tech,Backend Developer,Looking for Chennai
69,Divya,Female,29,Hindu,Kolkata,MD,Physician,Looking for Delhi
70,Ravi,Male,25,Hindu,Hyderabad,BFA,Graphic Designer,Looking for Hyderabad
71,Yash,Male,22,Hindu,Bangalore,LLM,Lawyer,Looking for Gurgaon
72,Ramesh,Male,35,Hindu,Ahmedabad,MBBS,Cardiologist,Looking for Ahmedabad
73,Myra,Female,34,Muslim,Kolkata,B.Tech,Full Stack Developer,Looking for Kolkata
74,Preeti,Female,30,Hindu,Noida,MBBS,Pediatrician,Looking for Delhi
75,Yash,Male,30,Muslim,Bangalore,PhD CS,AI Engineer,Looking for Bangalore
76,Arjun,Male,25,Muslim,Noida,PhD CS,AI Engineer,Looking for Noida
77,Simran,Female,35,Hindu,Hyderabad,MD,Cardiologist,Looking for Hyderabad
78,Sanjay,Male,35,Sikh,Mumbai,MBA,HR Manager,Looking for Gurgaon
79,Ananya,Female,28,Hindu,Ahmedabad,B.Tech,Backend Developer,Looking for Pune
80,Ishaan,Male,24,Hindu,Pune,B.Tech,Product Manager,Looking for Delhi
81,Ravi,Male,31,Hindu,Delhi,MS in CS,AI Engineer,Looking for Delhi
82,Ishaan,Male,30,Hindu,Noida,MBA,Finance Manager,Looking for Bangalore
83,Vikram,Male,29,Hindu,Gurgaon,B.E.,DevOps Engineer,Looking for Gurgaon
84,Pooja,Female,21,Muslim,Gurgaon,B.Tech,DevOps Engineer,Looking for Gurgaon
85,Ishaan,Male,31,Hindu,Ahmedabad,MBBS,Physician,Looking for Ahmedabad
86,Saanvi,Female,21,Christian,Ahmedabad,MBBS,Pediatrician,Looking for Ahmedabad
87,Megha,Female,28,Muslim,Hyderabad,B.E.,Software Developer,Looking for Hyderabad
88,Ayaan,Male,31,Hindu,Ahmedabad,MA,Teacher,Looking for Ahmedabad
89,Aditya,Male,25,Hindu,Pune,B.E.,Mechanical Engineer,Looking for Pune
90,Arjun,Male,29,Christian,Kolkata,CA,Chartered Accountant,Looking for Kolkata
91,Nisha,Female,29,Muslim,Gurgaon,B.E.,Full Stack Developer,Looking for Mumbai
92,Mohit,Male,35,Hindu,Ahmedabad,B.Tech,Backend Developer,Looking for Ahmedabad
93,Megha,Female,21,Hindu,Kolkata,B.Tech,Full Stack Developer,Looking for Bangalore
94,Vivek,Male,35,Hindu,Delhi,PGDM,Marketing Manager,Looking for Delhi
95,Sahil,Male,32,Hindu,Delhi,B.Com,Business Analyst,Looking for Delhi
96,Varun,Male,21,Hindu,Hyderabad,B.Tech,UI/UX Designer,Looking for Hyderabad
97,Amit,Male,30,Hindu,Ahmedabad,BFA,Graphic Designer,Looking for Ahmedabad
98,Sneha,Female,33,Hindu,Delhi,B.E.,Mechanical Engineer,Looking for Delhi
99,Diya,Female,22,Hindu,Delhi,B.Tech,Product Manager,Looking for Delhi
100,Ayaan,Male,29,Hindu,Noida,MBBS,Physician,Looking for Noida
101,Meera,Female,29,Hindu,Bangalore,MBA,Product Manager,Looking for Bangalore
102,Ishita,Female,21,Hindu,Delhi,BFA,Product Designer,Looking for Delhi
103,Divya,Female,25,Sikh,Kolkata,B.Ed,Teacher,Looking for Kolkata
104,Kiara,Female,26,Muslim,Hyderabad,CFA,Financial Analyst,Looking for Pune
105,Tanya,Female,32,Muslim,Bangalore,M.Tech,Professor,Looking for Bangalore
106,Deepak,Male,29,Muslim,Mumbai,Bachelor of Design,UI/UX Designer,Looking for Mumbai
107,Kartik,Male,26,Sikh,Bangalore,MD,Pediatrician,Looking for Gurgaon
108,Simran,Female,28,Hindu,Gurgaon,MD,Doctor,Looking for Gurgaon
109,Pooja,Female,32,Hindu,Pune,MS in CS,ML Engineer,Looking for Pune
110,Karan,Male,29,Christian,Ahmedabad,MD,Physician,Looking for Gurgaon
111,Abhishek,Male,25,Hindu,Kolkata,CA,Chartered Accountant,Looking for Kolkata
112,Ravi,Male,22,Hindu,Pune,M.Tech,AI Engineer,Looking for Bangalore
113,Abhishek,Male,23,Hindu,Mumbai,MD,Pediatrician,Looking for Mumbai
114,Ravi,Male,27,Hindu,Pune,B.Ed,Teacher,Looking for Pune
115,Simran,Female,22,Hindu,Gurgaon,B.E.,Backend Developer,Looking for Ahmedabad
116,Abhishek,Male,27,Muslim,Delhi,B.Tech,SDE,Looking for Pune
117,Varun,Male,21,Hindu,Bangalore,LLB,Lawyer,Looking for Bangalore
118,Megha,Female,31,Hindu,Pune,PhD CS,AI Engineer,Looking for Pune
119,Ishaan,Male,27,Hindu,Gurgaon,MD,Physician,Looking for Chennai
120,Deepak,Male,34,Sikh,Gurgaon,B.Tech,Cloud Engineer,Looking for Gurgaon
121,Rahul,Male,26,Hindu,Chennai,M.Com,Auditor,Looking for Chennai
122,Vanshika,Female,23,Hindu,Mumbai,B.Tech,Cloud Engineer,Looking for Delhi
123,Akash,Male,29,Hindu,Bangalore,MS in CS,ML Engineer,Looking for Bangalore
124,Ananya,Female,35,Hindu,Bangalore,MBA,Investment Banker,Looking for Bangalore
125,Anjali,Female,22,Hindu,Ahmedabad,PhD CS,ML Engineer,Looking for Gurgaon
126,Tanya,Female,35,Hindu,Hyderabad,B.Tech,Civil Engineer,Looking for Hyderabad
127,Varun,Male,30,Hindu,Gurgaon,CA,Investment Banker,Looking for Gurgaon
128,Tara,Female,27,Hindu,Kolkata,BBA,HR Manager,Looking for Kolkata
129,Ayaan,Male,26,Hindu,Noida,BBA,HR Manager,Looking for Noida
130,Simran,Female,21,Hindu,Noida,Bachelor of Design,Graphic Designer,Looking for Kolkata
131,Kartik,Male,29,Hindu,Kolkata,CFA,Financial Analyst,Looking for Kolkata
132,Rajesh,Male,26,Hindu,Hyderabad,BBA,Marketing Manager,Looking for Hyderabad
133,Diya,Female,29,Hindu,Hyderabad,CA,Auditor,Looking for Hyderabad
134,Arjun,Male,26,Hindu,Gurgaon,MD,Doctor,Looking for Delhi
135,Suresh,Male,32,Hindu,Ahmedabad,PGDM,HR Manager,Looking for Bangalore
136,Krishna,Male,34,Hindu,Gurgaon,B.E.,DevOps Engineer,Looking for Gurgaon
137,Suresh,Male,22,Hindu,Gurgaon,B.E.,Mechanical Engineer,Looking for Gurgaon
138,Ishaan,Male,29,Hindu,Ahmedabad,MS in CS,ML Engineer,Looking for Ahmedabad
139,Karan,Male,22,Muslim,Ahmedabad,CFA,Investment Banker,Looking for Ahmedabad
140,Pooja,Female,33,Muslim,Kolkata,MBBS,Surgeon,Looking for Kolkata
141,Divya,Female,25,Hindu,Mumbai,BCA,Frontend Developer,Looking for Mumbai
142,Aaradhya,Female,32,Hindu,Gurgaon,MBBS,Physician,Looking for Gurgaon
143,Mohit,Male,23,Hindu,Noida,CA,Chartered Accountant,Looking for Noida
144,Aarti,Female,27,Hindu,Mumbai,M.Tech,ML Engineer,Looking for Mumbai
145,Mayank,Male,22,Hindu,Mumbai,B.Tech,Civil Engineer,Looking for Mumbai
146,Sahil,Male,24,Hindu,Ahmedabad,BFA,Graphic Designer,Looking for Ahmedabad
147,Pooja,Female,35,Hindu,Mumbai,CA,Auditor,Looking for Mumbai
148,Suresh,Male,24,Hindu,Hyderabad,LLM,Lawyer,Looking for Hyderabad
149,Mohit,Male,29,Christian,Hyderabad,CA,Investment Banker,Looking for Hyderabad
150,Meera,Female,34,Hindu,Delhi,BFA,Graphic Designer,Looking for Delhi
151,Tara,Female,29,Hindu,Pune,BBA,HR Manager,Looking for Mumbai
152,Tara,Female,22,Hindu,Ahmedabad,CA,Investment Banker,Looking for Noida
153,Ayaan,Male,32,Christian,Ahmedabad,MD,Pediatrician,Looking for Ahmedabad
154,Krishna,Male,24,Hindu,Gurgaon,M.Ed,Teacher,Looking for Gurgaon
155,Pranav,Male,28,Hindu,Bangalore,B.E.,Mechanical Engineer,Looking for Hyderabad
156,Rohan,Male,21,Hindu,Noida,M.Tech,AI Engineer,Looking for Noida
157,Ramesh,Male,29,Hindu,Bangalore,BCA,Frontend Developer,Looking for Hyderabad
158,Vivek,Male,25,Hindu,Chennai,BFA,Product Designer,Looking for Chennai
159,Ravi,Male,28,Muslim,Noida,MBBS,Pediatrician,Looking for Noida
160,Aditya,Male,27,Hindu,Mumbai,B.Tech,Mechanical Engineer,Looking for Mumbai
161,Abhishek,Male,28,Hindu,Bangalore,MBBS,Pediatrician,Looking for Bangalore
162,Krishna,Male,34,Hindu,Delhi,B.E.,Backend Developer,Looking for Gurgaon
163,Shruti,Female,29,Hindu,Noida,LLM,Lawyer,Looking for Noida
164,Priya,Female,27,Muslim,Noida,M.Tech,Backend Developer,Looking for Noida
165,Divya,Female,21,Hindu,Delhi,BCA,Frontend Developer,Looking for Bangalore
166,Riya,Female,31,Hindu,Hyderabad,MBBS,Cardiologist,Looking for Hyderabad
167,Suresh,Male,25,Hindu,Gurgaon,MCA,SDE,Looking for Gurgaon
168,Vikram,Male,35,Hindu,Mumbai,M.Tech,ML Engineer,Looking for Mumbai
169,Tanya,Female,33,Hindu,Kolkata,B.E.,DevOps Engineer,Looking for Kolkata
170,Varun,Male,31,Hindu,Gurgaon,PhD CS,AI Engineer,Looking for Gurgaon
171,Simran,Female,27,Hindu,Mumbai,MD,Cardiologist,Looking for Mumbai
172,Megha,Female,24,Hindu,Ahmedabad,MBBS,Cardiologist,Looking for Delhi
173,Myra,Female,33,Sikh,Ahmedabad,M.Ed,Teacher,Looking for Delhi
174,Ishita,Female,23,Muslim,Ahmedabad,B.Tech,Product Designer,Looking for Hyderabad
175,Suresh,Male,31,Hindu,Kolkata,MBA,Business Analyst,Looking for Kolkata
176,Ankit,Male,34,Hindu,Kolkata,MBBS,Pediatrician,Looking for Noida
177,Mayank,Male,34,Hindu,Kolkata,B.Tech,DevOps Engineer,Looking for Kolkata
178,Vivek,Male,26,Hindu,Noida,MS (Surgery),Surgeon,Looking for Noida
179,Sahil,Male,21,Hindu,Hyderabad,CA,Investment Banker,Looking for Hyderabad
180,Pranav,Male,26,Hindu,Bangalore,MBBS,Cardiologist,Looking for Bangalore
181,Deepak,Male,27,Hindu,Chennai,BFA,Graphic Designer,Looking for Chennai
182,Arjun,Male,34,Hindu,Ahmedabad,M.Tech,AI Engineer,Looking for Ahmedabad
183,Harsh,Male,22,Christian,Gurgaon,M.Tech,AI Engineer,Looking for Gurgaon
184,Deepak,Male,21,Hindu,Noida,M.Tech,AI Engineer,Looking for Noida
185,Preeti,Female,21,Muslim,Bangalore,B.E.,Full Stack Developer,Looking for Bangalore
186,Anjali,Female,25,Hindu,Hyderabad,B.Tech,Mechanical Engineer,Looking for Hyderabad
187,Arjun,Male,35,Hindu,Hyderabad,B.E.,Backend Developer,Looking for Hyderabad
188,Abhishek,Male,26,Hindu,Mumbai,MBBS,Surgeon,Looking for Mumbai
189,Rajesh,Male,35,Jain,Kolkata,M.Tech,ML Engineer,Looking for Noida
190,Anjali,Female,26,Hindu,Bangalore,M.Tech,ML Engineer,Looking for Bangalore
191,Krishna,Male,31,Hindu,Bangalore,PhD,Professor,Looking for Bangalore
192,Komal,Female,25,Muslim,Noida,M.Com,Auditor,Looking for Noida
193,Rohan,Male,21,Hindu,Ahmedabad,MD,Pediatrician,Looking for Ahmedabad
194,Anjali,Female,23,Sikh,Mumbai,B.E.,Full Stack Developer,Looking for Bangalore
195,Krishna,Male,29,Muslim,Bangalore,MD,Physician,Looking for Bangalore
196,Rahul,Male,33,Hindu,Gurgaon,BBA,Business Analyst,Looking for Noida
197,Abhishek,Male,29,Hindu,Kolkata,MBA,Finance Manager,Looking for Kolkata
198,Riya,Female,29,Hindu,Ahmedabad,BFA,Product Designer,Looking for Chennai
199,Sahil,Male,28,Jain,Hyderabad,MBA,Investment Banker,Looking for Hyderabad
200,Siddharth,Male,21,Hindu,Noida,MD,Pediatrician,Looking for Hyderabad
201,Tanya,Female,27,Hindu,Chennai,PhD CS,ML Engineer,Looking for Chennai
202,Ankit,Male,28,Sikh,Ahmedabad,BBA,Business Analyst,Looking for Ahmedabad
203,Tara,Female,26,Muslim,Delhi,B.Tech,DevOps Engineer,Looking for Delhi
204,Simran,Female,34,Hindu,Kolkata,CA,Chartered Accountant,Looking for Kolkata
205,Varun,Male,23,Hindu,Kolkata,B.Tech,Product Designer,Looking for Kolkata
206,Rohan,Male,25,Hindu,Hyderabad,MBBS,Surgeon,Looking for Hyderabad
207,Diya,Female,28,Hindu,Delhi,BFA,Graphic Designer,Looking for Delhi
208,Krishna,Male,25,Hindu,Chennai,MS in CS,Data Scientist,Looking for Chennai
209,Amit,Male,30,Hindu,Delhi,B.E.,Software Developer,Looking for Delhi
210,Megha,Female,26,Hindu,Kolkata,BCA,Frontend Developer,Looking for Chennai
211,Akash,Male,23,Hindu,Kolkata,MBBS,Surgeon,Looking for Noida
212,Pranav,Male,35,Sikh,Delhi,MCA,SDE,Looking for Delhi
213,Rahul,Male,26,Hindu,Ahmedabad,LLM,Lawyer,Looking for Ahmedabad
214,Krishna,Male,30,Hindu,Delhi,B.Tech,SDE,Looking for Delhi
215,Suresh,Male,29,Hindu,Bangalore,PhD CS,AI Engineer,Looking for Bangalore
216,Priya,Female,21,Hindu,Pune,B.Tech,Mechanical Engineer,Looking for Noida
217,Krishna,Male,33,Hindu,Delhi,B.Tech,Full Stack Developer,Looking for Ahmedabad
218,Pari,Female,27,Hindu,Bangalore,M.Tech,DevOps Engineer,Looking for Bangalore
219,Varun,Male,33,Hindu,Gurgaon,MBBS,Doctor,Looking for Gurgaon
220,Sakshi,Female,27,Muslim,Kolkata,MD,Doctor,Looking for Kolkata
221,Aditya,Male,30,Hindu,Pune,CA,Chartered Accountant,Looking for Pune
222,Akash,Male,27,Muslim,Hyderabad,B.Tech,Cloud Engineer,Looking for Bangalore
223,Pari,Female,21,Hindu,Noida,CA,Financial Analyst,Looking for Noida
224,Siddharth,Male,28,Hindu,Bangalore,Bachelor of Design,Graphic Designer,Looking for Bangalore
225,Siddharth,Male,29,Sikh,Ahmedabad,B.Tech,UI/UX Designer,Looking for Ahmedabad
226,Sara,Female,24,Hindu,Noida,PGDM,HR Manager,Looking for Noida
227,Karan,Male,24,Hindu,Chennai,M.Com,Auditor,Looking for Chennai
228,Priya,Female,29,Muslim,Gurgaon,Bachelor of Design,Graphic Designer,Looking for Gurgaon
229,Tara,Female,30,Hindu,Pune,CFA,Investment Banker,Looking for Pune
230,Sneha,Female,32,Muslim,Noida,CFA,Financial Analyst,Looking for Ahmedabad
231,Anjali,Female,30,Hindu,Bangalore,MA,Professor,Looking for Bangalore
232,Siddharth,Male,26,Muslim,Bangalore,MA,Teacher,Looking for Chennai
233,Mayank,Male,33,Hindu,Chennai,B.Tech,Full Stack Developer,Looking for Chennai
234,Rahul,Male,33,Sikh,Ahmedabad,B.Tech,Civil Engineer,Looking for Ahmedabad
235,Mohit,Male,35,Hindu,Gurgaon,B.Tech,Cloud Engineer,Looking for Gurgaon
236,Mayank,Male,33,Hindu,Kolkata,MD,Physician,Looking for Kolkata
237,Siddharth,Male,30,Hindu,Bangalore,M.Tech,Cloud Engineer,Looking for Mumbai
238,Saanvi,Female,28,Hindu,Ahmedabad,BBA,Marketing Manager,Looking for Kolkata
239,Neha,Female,28,Hindu,Chennai,MS in CS,ML Engineer,Looking for Chennai
240,Nisha,Female,27,Hindu,Kolkata,BBA,Marketing Manager,Looking for Kolkata
241,Vanshika,Female,33,Hindu,Delhi,BFA,Product Designer,Looking for Hyderabad
242,Aarti,Female,26,Hindu,Pune,M.Tech,Cloud Engineer,Looking for Pune
243,Sahil,Male,28,Hindu,Mumbai,B.Tech,Full Stack Developer,Looking for Mumbai
244,Amit,Male,34,Muslim,Kolkata,M.Tech,Full Stack Developer,Looking for Chennai
245,Varun,Male,34,Hindu,Bangalore,MCA,Software Developer,Looking for Bangalore
246,Vikram,Male,30,Hindu,Mumbai,MBBS,Doctor,Looking for Mumbai
247,Sanjay,Male,29,Hindu,Delhi,B.Tech,Mechanical Engineer,Looking for Delhi
248,Akash,Male,33,Christian,Delhi,MBBS,Surgeon,Looking for Mumbai
249,Tara,Female,29,Muslim,Noida,B.Tech,Product Designer,Looking for Noida
250,Vanshika,Female,32,Sikh,Pune,B.Tech,Full Stack Developer,Looking for Pune
251,Ayaan,Male,32,Hindu,Noida,M.Tech,Full Stack Developer,Looking for Noida
252,Aditya,Male,23,Hindu,Ahmedabad,MCA,Frontend Developer,Looking for Ahmedabad
253,Saanvi,Female,24,Sikh,Gurgaon,B.Tech,Full Stack Developer,Looking for Chennai
254,Anjali,Female,31,Hindu,Delhi,MCA,Frontend Developer,Looking for Delhi
255,Rahul,Male,30,Hindu,Noida,CA,Auditor,Looking for Noida
256,Akash,Male,27,Hindu,Mumbai,MBBS,Doctor,Looking for Mumbai
257,Ishaan,Male,21,Hindu,Bangalore,M.Tech,ML Engineer,Looking for Delhi
258,Amit,Male,34,Hindu,Delhi,B.E.,Mechanical Engineer,Looking for Delhi
259,Ishaan,Male,32,Hindu,Hyderabad,M.Tech,AI Engineer,Looking for Hyderabad
260,Ravi,Male,35,Hindu,Chennai,PhD CS,ML Engineer,Looking for Bangalore
261,Ishaan,Male,34,Hindu,Chennai,B.E.,Backend Developer,Looking for Chennai
262,Meera,Female,32,Sikh,Bangalore,CFA,Financial Analyst,Looking for Bangalore
263,Siddharth,Male,29,Muslim,Bangalore,PhD CS,AI Engineer,Looking for Bangalore
264,Priya,Female,23,Hindu,Delhi,B.Com,Business Analyst,Looking for Delhi
265,Kartik,Male,35,Hindu,Delhi,MBA,Marketing Manager,Looking for Delhi
266,Yash,Male,34,Hindu,Chennai,BFA,Graphic Designer,Looking for Chennai
267,Sara,Female,28,Hindu,Kolkata,PhD CS,AI Engineer,Looking for Kolkata
268,Vanshika,Female,34,Sikh,Gurgaon,MBA,Product Manager,Looking for Gurgaon
269,Yash,Male,34,Hindu,Chennai,MD,Physician,Looking for Chennai
270,Rahul,Male,29,Hindu,Bangalore,MBBS,Pediatrician,Looking for Bangalore
271,Kartik,Male,24,Hindu,Delhi,B.Tech,Product Manager,Looking for Delhi
272,Siddharth,Male,22,Hindu,Ahmedabad,B.Tech,Product Manager,Looking for Ahmedabad
273,Anjali,Female,33,Hindu,Noida,BBA,HR Manager,Looking for Bangalore
274,Aarti,Female,33,Hindu,Gurgaon,MD,Physician,Looking for Gurgaon
275,Ramesh,Male,33,Hindu,Pune,MBBS,Pediatrician,Looking for Chennai
276,Siddharth,Male,21,Hindu,Gurgaon,B.Ed,Teacher,Looking for Gurgaon
277,Ankit,Male,33,Sikh,Chennai,MD,Surgeon,Looking for Chennai
278,Akash,Male,26,Hindu,Bangalore,MS in CS,ML Engineer,Looking for Bangalore
279,Meera,Female,27,Christian,Hyderabad,M.Com,Finance Manager,Looking for Hyderabad
280,Vanshika,Female,23,Hindu,Ahmedabad,M.Tech,ML Engineer,Looking for Ahmedabad
281,Mohit,Male,32,Christian,Delhi,MBBS,Pediatrician,Looking for Delhi
282,Komal,Female,33,Hindu,Bangalore,B.E.,Mechanical Engineer,Looking for Bangalore
283,Rohan,Male,26,Christian,Pune,B.E.,Mechanical Engineer,Looking for Pune
284,Siddharth,Male,30,Hindu,Pune,LLM,Lawyer,Looking for Pune
285,Myra,Female,21,Hindu,Kolkata,B.Tech,UI/UX Designer,Looking for Kolkata
286,Divya,Female,21,Hindu,Kolkata,MCA,Frontend Developer,Looking for Kolkata
287,Rahul,Male,25,Hindu,Mumbai,CA,Auditor,Looking for Chennai
288,Tanya,Female,31,Hindu,Gurgaon,B.Tech,Civil Engineer,Looking for Gurgaon
289,Mayank,Male,23,Hindu,Chennai,M.Tech,DevOps Engineer,Looking for Chennai
290,Nikhil,Male,26,Hindu,Mumbai,MBA,HR Manager,Looking for Mumbai
291,Myra,Female,30,Hindu,Noida,PGDM,Marketing Manager,Looking for Noida
292,Ayaan,Male,34,Hindu,Ahmedabad,B.Com,Business Analyst,Looking for Gurgaon
293,Yash,Male,31,Sikh,Pune,MD,Cardiologist,Looking for Ahmedabad
294,Pooja,Female,32,Hindu,Kolkata,CA,Chartered Accountant,Looking for Kolkata
295,Rahul,Male,21,Hindu,Ahmedabad,B.Ed,Teacher,Looking for Ahmedabad
296,Suresh,Male,24,Hindu,Pune,MBA,Business Analyst,Looking for Hyderabad
297,Mohit,Male,30,Hindu,Kolkata,B.Tech,Software Developer,Looking for Kolkata
298,Pari,Female,28,Muslim,Kolkata,MA,Teacher,Looking for Kolkata
299,Kartik,Male,24,Hindu,Gurgaon,MBBS,Doctor,Looking for Gurgaon
300,Tara,Female,25,Hindu,Kolkata,MBBS,Cardiologist,Looking for Kolkata
301,Kartik,Male,26,Hindu,Delhi,LLM,Lawyer,Looking for Mumbai
302,Pranav,Male,26,Muslim,Pune,Bachelor of Design,Product Designer,Looking for Pune
303,Varun,Male,35,Hindu,Hyderabad,MA,Teacher,Looking for Hyderabad
304,Riya,Female,23,Hindu,Bangalore,MA,Teacher,Looking for Gurgaon
305,Shruti,Female,22,Hindu,Gurgaon,BFA,Product Designer,Looking for Gurgaon
306,Abhishek,Male,29,Hindu,Chennai,CA,Chartered Accountant,Looking for Chennai
307,Vivek,Male,30,Jain,Mumbai,PhD CS,ML Engineer,Looking for Mumbai
308,Rajesh,Male,26,Hindu,Chennai,B.Tech,Mechanical Engineer,Looking for Chennai
309,Sakshi,Female,35,Hindu,Chennai,LLB,Lawyer,Looking for Chennai
310,Krishna,Male,28,Hindu,Hyderabad,MBA,Business Analyst,Looking for Hyderabad
311,Nikhil,Male,29,Hindu,Ahmedabad,PGDM,HR Manager,Looking for Ahmedabad
312,Diya,Female,31,Hindu,Chennai,MS in CS,Data Scientist,Looking for Chennai
313,Krishna,Male,31,Muslim,Hyderabad,B.Tech,Cloud Engineer,Looking for Hyderabad
314,Aditya,Male,25,Hindu,Mumbai,CA,Investment Banker,Looking for Mumbai
315,Nisha,Female,22,Hindu,Mumbai,B.Tech,Backend Developer,Looking for Mumbai
316,Sahil,Male,21,Hindu,Delhi,B.Tech,Civil Engineer,Looking for Delhi
317,Rohan,Male,34,Hindu,Noida,B.E.,Backend Developer,Looking for Noida
318,Komal,Female,35,Hindu,Gurgaon,MBBS,Pediatrician,Looking for Gurgaon
319,Rohan,Male,22,Hindu,Delhi,LLB,Lawyer,Looking for Delhi
320,Siddharth,Male,22,Hindu,Delhi,Bachelor of Design,Product Designer,Looking for Delhi
321,Anjali,Female,27,Hindu,Bangalore,MBA,HR Manager,Looking for Bangalore
322,Neha,Female,25,Hindu,Pune,MBA,Marketing Manager,Looking for Pune
323,Krishna,Male,21,Hindu,Gurgaon,PhD,Professor,Looking for Gurgaon
324,Sara,Female,25,Muslim,Chennai,BFA,Graphic Designer,Looking for Chennai
325,Pranav,Male,33,Hindu,Mumbai,MD,Surgeon,Looking for Hyderabad
326,Rahul,Male,21,Hindu,Gurgaon,B.Tech,DevOps Engineer,Looking for Kolkata
327,Siddharth,Male,22,Hindu,Gurgaon,MS (Surgery),Surgeon,Looking for Noida
328,Divya,Female,35,Hindu,Bangalore,PGDM,HR Manager,Looking for Bangalore
329,Vanshika,Female,23,Sikh,Ahmedabad,LLB,Lawyer,Looking for Ahmedabad
330,Rajesh,Male,30,Hindu,Noida,B.Tech,Mechanical Engineer,Looking for Noida
331,Rahul,Male,32,Hindu,Chennai,BFA,UI/UX Designer,Looking for Ahmedabad
332,Rahul,Male,25,Hindu,Kolkata,MS in CS,AI Engineer,Looking for Noida
333,Yash,Male,25,Hindu,Ahmedabad,B.Tech,Data Scientist,Looking for Ahmedabad
334,Tanya,Female,34,Hindu,Chennai,MBA,Finance Manager,Looking for Chennai
335,Divya,Female,32,Hindu,Kolkata,CA,Auditor,Looking for Kolkata
336,Shruti,Female,21,Hindu,Gurgaon,MBBS,Surgeon,Looking for Gurgaon
337,Megha,Female,30,Sikh,Pune,PhD CS,ML Engineer,Looking for Pune
338,Nikhil,Male,30,Hindu,Ahmedabad,B.Tech,Civil Engineer,Looking for Pune
339,Meera,Female,28,Hindu,Noida,MA,Professor,Looking for Noida
340,Riya,Female,29,Hindu,Noida,B.Tech,Frontend Developer,Looking for Pune
341,Ishita,Female,32,Christian,Gurgaon,B.Tech,Civil Engineer,Looking for Noida
342,Aaradhya,Female,22,Hindu,Mumbai,M.Tech,Professor,Looking for Chennai
343,Karan,Male,33,Hindu,Chennai,MCA,Frontend Developer,Looking for Chennai
344,Rohan,Male,31,Muslim,Mumbai,M.Tech,AI Engineer,Looking for Mumbai
345,Sakshi,Female,23,Hindu,Noida,CA,Investment Banker,Looking for Noida
346,Rohan,Male,29,Hindu,Noida,CA,Chartered Accountant,Looking for Noida
347,Megha,Female,28,Hindu,Hyderabad,MA,Teacher,Looking for Hyderabad
348,Deepak,Male,22,Hindu,Kolkata,M.Com,Auditor,Looking for Pune
349,Rajesh,Male,31,Sikh,Ahmedabad,B.Tech,Cloud Engineer,Looking for Ahmedabad
350,Harsh,Male,23,Hindu,Kolkata,B.Ed,Teacher,Looking for Kolkata
351,Nikhil,Male,26,Hindu,Bangalore,BBA,Marketing Manager,Looking for Bangalore
352,Pranav,Male,23,Hindu,Bangalore,LLM,Lawyer,Looking for Bangalore
353,Rohan,Male,31,Muslim,Delhi,MD,Doctor,Looking for Mumbai
354,Deepak,Male,26,Hindu,Gurgaon,B.Tech,Mechanical Engineer,Looking for Gurgaon
355,Rohan,Male,24,Muslim,Pune,PGDM,HR Manager,Looking for Pune
356,Aaradhya,Female,25,Muslim,Bangalore,BCA,Frontend Developer,Looking for Bangalore
357,Pooja,Female,29,Hindu,Gurgaon,MS in CS,ML Engineer,Looking for Gurgaon
358,Akash,Male,26,Hindu,Delhi,M.Ed,Teacher,Looking for Delhi
359,Harsh,Male,26,Hindu,Ahmedabad,LLB,Lawyer,Looking for Ahmedabad
360,Nikhil,Male,23,Hindu,Kolkata,M.Tech,Professor,Looking for Kolkata
361,Pranav,Male,31,Hindu,Ahmedabad,B.E.,SDE,Looking for Ahmedabad
362,Mayank,Male,30,Hindu,Gurgaon,B.Tech,Frontend Developer,Looking for Bangalore
363,Aditya,Male,29,Hindu,Mumbai,B.Tech,Full Stack Developer,Looking for Mumbai
364,Aditya,Male,34,Muslim,Hyderabad,MCA,SDE,Looking for Hyderabad
365,Priya,Female,22,Hindu,Kolkata,M.Tech,Backend Developer,Looking for Kolkata
366,Rahul,Male,30,Hindu,Noida,B.Tech,Data Scientist,Looking for Noida
367,Mohit,Male,26,Sikh,Delhi,MBBS,Doctor,Looking for Kolkata
368,Ravi,Male,30,Hindu,Kolkata,MA,Professor,Looking for Kolkata
369,Simran,Female,22,Sikh,Gurgaon,BFA,UI/UX Designer,Looking for Hyderabad
370,Harsh,Male,31,Hindu,Kolkata,CA,Investment Banker,Looking for Hyderabad
371,Pari,Female,33,Hindu,Bangalore,MBA,Investment Banker,Looking for Bangalore
372,Yash,Male,29,Jain,Pune,LLM,Lawyer,Looking for Pune
373,Sara,Female,21,Hindu,Delhi,B.Ed,Teacher,Looking for Delhi
374,Deepak,Male,27,Hindu,Bangalore,B.Tech,Mechanical Engineer,Looking for Bangalore
375,Abhishek,Male,24,Hindu,Gurgaon,M.Tech,Full Stack Developer,Looking for Noida
376,Sahil,Male,29,Hindu,Ahmedabad,B.Tech,Frontend Developer,Looking for Ahmedabad
377,Mohit,Male,31,Hindu,Mumbai,PGDM,Marketing Manager,Looking for Ahmedabad
378,Sakshi,Female,34,Hindu,Pune,B.Tech,UI/UX Designer,Looking for Pune
379,Ravi,Male,35,Hindu,Ahmedabad,B.Tech,Civil Engineer,Looking for Ahmedabad
380,Ananya,Female,32,Hindu,Kolkata,B.Tech,Product Manager,Looking for Kolkata
381,Aditya,Male,25,Hindu,Pune,BFA,Graphic Designer,Looking for Pune
382,Yash,Male,29,Hindu,Bangalore,BCA,Frontend Developer,Looking for Gurgaon
383,Kartik,Male,32,Hindu,Hyderabad,BFA,UI/UX Designer,Looking for Hyderabad
384,Saanvi,Female,22,Hindu,Delhi,MA,Teacher,Looking for Delhi
385,Rajesh,Male,31,Hindu,Delhi,M.Tech,ML Engineer,Looking for Mumbai
386,Tara,Female,24,Hindu,Gurgaon,MBA,HR Manager,Looking for Kolkata
387,Ramesh,Male,33,Hindu,Chennai,MS (Surgery),Surgeon,Looking for Chennai
388,Rajesh,Male,22,Hindu,Ahmedabad,MS in CS,Data Scientist,Looking for Delhi
389,Saanvi,Female,26,Sikh,Bangalore,PhD CS,ML Engineer,Looking for Bangalore
390,Abhishek,Male,26,Hindu,Gurgaon,M.Tech,Cloud Engineer,Looking for Gurgaon
391,Priya,Female,33,Sikh,Noida,Bachelor of Design,Product Designer,Looking for Gurgaon
392,Nikhil,Male,24,Hindu,Mumbai,LLM,Lawyer,Looking for Mumbai
393,Preeti,Female,29,Hindu,Bangalore,PhD CS,AI Engineer,Looking for Bangalore
394,Ravi,Male,23,Sikh,Ahmedabad,B.Tech,SDE,Looking for Hyderabad
395,Amit,Male,34,Hindu,Pune,B.E.,Backend Developer,Looking for Pune
396,Meera,Female,24,Hindu,Chennai,CA,Auditor,Looking for Pune
397,Aarti,Female,23,Christian,Mumbai,LLB,Lawyer,Looking for Mumbai
398,Priya,Female,27,Muslim,Mumbai,MBA,Business Analyst,Looking for Mumbai
399,Aditya,Male,31,Hindu,Hyderabad,LLM,Lawyer,Looking for Hyderabad
400,Kavya,Female,22,Muslim,Bangalore,MA,Teacher,Looking for Kolkata
401,Karan,Male,32,Muslim,Hyderabad,B.Tech,Mechanical Engineer,Looking for Hyderabad
402,Siddharth,Male,29,Hindu,Noida,M.Tech,SDE,Looking for Noida
403,Krishna,Male,34,Hindu,Delhi,B.Ed,Teacher,Looking for Mumbai
404,Sakshi,Female,35,Hindu,Mumbai,B.Tech,Mechanical Engineer,Looking for Delhi
405,Mohit,Male,31,Muslim,Delhi,CA,Financial Analyst,Looking for Delhi
406,Deepak,Male,32,Hindu,Gurgaon,M.Tech,DevOps Engineer,Looking for Gurgaon
407,Vikram,Male,26,Hindu,Noida,MD,Doctor,Looking for Hyderabad
408,Varun,Male,34,Hindu,Gurgaon,B.Tech,Full Stack Developer,Looking for Mumbai
409,Amit,Male,33,Hindu,Bangalore,M.Ed,Teacher,Looking for Kolkata
410,Ramesh,Male,29,Hindu,Delhi,MA,Professor,Looking for Delhi
411,Preeti,Female,21,Hindu,Kolkata,B.Tech,UI/UX Designer,Looking for Kolkata
412,Krishna,Male,28,Hindu,Pune,MA,Teacher,Looking for Pune
413,Ravi,Male,35,Hindu,Noida,Bachelor of Design,Graphic Designer,Looking for Pune
414,Vikram,Male,23,Muslim,Kolkata,CA,Financial Analyst,Looking for Kolkata
415,Komal,Female,32,Hindu,Pune,CA,Chartered Accountant,Looking for Pune
416,Meera,Female,33,Hindu,Noida,CFA,Investment Banker,Looking for Noida
417,Ravi,Male,35,Hindu,Pune,M.Ed,Teacher,Looking for Ahmedabad
418,Meera,Female,29,Hindu,Pune,CFA,Investment Banker,Looking for Pune
419,Yash,Male,30,Hindu,Bangalore,MBBS,Physician,Looking for Noida
420,Sakshi,Female,26,Hindu,Chennai,PGDM,HR Manager,Looking for Chennai
421,Ramesh,Male,26,Hindu,Ahmedabad,B.Tech,Product Designer,Looking for Ahmedabad
422,Preeti,Female,27,Muslim,Mumbai,PGDM,HR Manager,Looking for Mumbai
423,Pooja,Female,22,Hindu,Noida,MD,Physician,Looking for Noida
424,Krishna,Male,28,Hindu,Ahmedabad,M.Com,Finance Manager,Looking for Noida
425,Sahil,Male,35,Muslim,Ahmedabad,BBA,HR Manager,Looking for Ahmedabad
426,Rahul,Male,22,Jain,Noida,B.Tech,Backend Developer,Looking for Mumbai
427,Preeti,Female,34,Hindu,Gurgaon,B.E.,Mechanical Engineer,Looking for Gurgaon
428,Deepak,Male,30,Hindu,Ahmedabad,B.Tech,Product Manager,Looking for Ahmedabad
429,Ayaan,Male,21,Hindu,Chennai,B.Tech,Software Developer,Looking for Chennai
430,Vanshika,Female,34,Hindu,Chennai,M.Tech,Backend Developer,Looking for Kolkata
431,Sara,Female,25,Hindu,Kolkata,MCA,Frontend Developer,Looking for Kolkata
432,Karan,Male,27,Sikh,Ahmedabad,B.E.,Mechanical Engineer,Looking for Ahmedabad
433,Komal,Female,30,Hindu,Chennai,PhD CS,ML Engineer,Looking for Chennai
434,Rajesh,Male,34,Hindu,Ahmedabad,CA,Finance Manager,Looking for Ahmedabad
435,Yash,Male,26,Hindu,Bangalore,MS in CS,Data Scientist,Looking for Bangalore
436,Arjun,Male,24,Hindu,Noida,B.Tech,Frontend Developer,Looking for Noida
437,Siddharth,Male,28,Hindu,Kolkata,B.Tech,Cloud Engineer,Looking for Hyderabad
438,Pooja,Female,24,Hindu,Noida,MS in CS,ML Engineer,Looking for Mumbai
439,Tara,Female,23,Hindu,Ahmedabad,MBA,Investment Banker,Looking for Ahmedabad
440,Kavya,Female,25,Hindu,Delhi,MBA,Business Analyst,Looking for Delhi
441,Ishita,Female,23,Hindu,Ahmedabad,MBA,Marketing Manager,Looking for Ahmedabad
442,Vanshika,Female,21,Hindu,Kolkata,B.E.,Mechanical Engineer,Looking for Mumbai
443,Vikram,Male,25,Hindu,Noida,M.Tech,Professor,Looking for Noida
444,Meera,Female,24,Hindu,Ahmedabad,B.Tech,Product Designer,Looking for Noida
445,Saanvi,Female,28,Hindu,Gurgaon,B.Tech,Product Manager,Looking for Gurgaon
446,Rohan,Male,26,Hindu,Hyderabad,B.Tech,SDE,Looking for Hyderabad
447,Pranav,Male,21,Hindu,Bangalore,B.Tech,Product Designer,Looking for Bangalore
448,Ravi,Male,34,Hindu,Chennai,MCA,Frontend Developer,Looking for Chennai
449,Deepak,Male,27,Muslim,Pune,MBBS,Pediatrician,Looking for Bangalore
450,Nikhil,Male,28,Hindu,Chennai,LLM,Lawyer,Looking for Delhi
451,Tanya,Female,28,Hindu,Bangalore,B.E.,Civil Engineer,Looking for Bangalore
452,Pranav,Male,28,Hindu,Pune,B.Tech,Data Scientist,Looking for Pune
453,Sahil,Male,32,Hindu,Kolkata,MD,Physician,Looking for Kolkata
454,Shruti,Female,30,Hindu,Mumbai,M.Tech,Backend Developer,Looking for Mumbai
455,Deepak,Male,35,Hindu,Kolkata,MBBS,Doctor,Looking for Kolkata
456,Siddharth,Male,33,Muslim,Mumbai,MCA,Frontend Developer,Looking for Mumbai
457,Kartik,Male,32,Hindu,Mumbai,CA,Auditor,Looking for Mumbai
458,Meera,Female,21,Hindu,Mumbai,CA,Financial Analyst,Looking for Gurgaon
459,Priya,Female,31,Hindu,Bangalore,CA,Chartered Accountant,Looking for Bangalore
460,Kartik,Male,29,Hindu,Ahmedabad,M.Tech,AI Engineer,Looking for Ahmedabad
461,Abhishek,Male,28,Hindu,Delhi,B.Tech,Software Developer,Looking for Delhi
462,Amit,Male,30,Hindu,Bangalore,MD,Cardiologist,Looking for Bangalore
463,Vivek,Male,27,Hindu,Hyderabad,B.E.,DevOps Engineer,Looking for Hyderabad
464,Rohan,Male,32,Hindu,Delhi,CFA,Investment Banker,Looking for Delhi
465,Mohit,Male,21,Hindu,Gurgaon,CA,Auditor,Looking for Kolkata
466,Komal,Female,22,Hindu,Noida,MD,Surgeon,Looking for Noida
467,Aaradhya,Female,27,Hindu,Ahmedabad,B.Tech,Civil Engineer,Looking for Gurgaon
468,Varun,Male,21,Hindu,Hyderabad,MS in CS,Data Scientist,Looking for Hyderabad
469,Swati,Female,32,Hindu,Ahmedabad,M.Tech,Backend Developer,Looking for Gurgaon
470,Anjali,Female,35,Hindu,Bangalore,Bachelor of Design,Graphic Designer,Looking for Delhi
471,Aarti,Female,31,Hindu,Bangalore,MS (Surgery),Surgeon,Looking for Pune
472,Ishaan,Male,25,Jain,Pune,M.Tech,DevOps Engineer,Looking for Pune
473,Ayaan,Male,34,Sikh,Bangalore,B.Tech,DevOps Engineer,Looking for Kolkata
474,Yash,Male,27,Hindu,Noida,M.Tech,Cloud Engineer,Looking for Noida
475,Aaradhya,Female,30,Hindu,Pune,B.Tech,Product Manager,Looking for Mumbai
476,Ravi,Male,26,Hindu,Hyderabad,B.Ed,Teacher,Looking for Hyderabad
477,Megha,Female,25,Hindu,Kolkata,B.Tech,UI/UX Designer,Looking for Gurgaon
478,Mayank,Male,25,Hindu,Chennai,B.Tech,DevOps Engineer,Looking for Ahmedabad
479,Ravi,Male,22,Hindu,Mumbai,B.E.,Mechanical Engineer,Looking for Mumbai
480,Varun,Male,34,Hindu,Mumbai,M.Com,Auditor,Looking for Gurgaon
481,Komal,Female,23,Hindu,Noida,M.Tech,AI Engineer,Looking for Gurgaon
482,Ankit,Male,33,Hindu,Ahmedabad,MBBS,Pediatrician,Looking for Hyderabad
483,Anjali,Female,22,Hindu,Kolkata,B.Ed,Teacher,Looking for Mumbai
484,Myra,Female,33,Hindu,Gurgaon,CA,Chartered Accountant,Looking for Hyderabad
485,Megha,Female,26,Muslim,Chennai,M.Tech,ML Engineer,Looking for Chennai
486,Rahul,Male,26,Hindu,Delhi,BFA,Product Designer,Looking for Delhi
487,Mohit,Male,34,Muslim,Pune,B.Tech,Civil Engineer,Looking for Pune
488,Divya,Female,22,Hindu,Chennai,MD,Cardiologist,Looking for Chennai
489,Meera,Female,24,Hindu,Pune,B.E.,Backend Developer,Looking for Gurgaon
490,Mayank,Male,31,Sikh,Hyderabad,B.E.,Civil Engineer,Looking for Noida
491,Karan,Male,28,Hindu,Noida,MS in CS,ML Engineer,Looking for Noida
492,Arjun,Male,26,Hindu,Pune,MS (Surgery),Surgeon,Looking for Pune
493,Varun,Male,34,Hindu,Chennai,PGDM,Marketing Manager,Looking for Chennai
494,Sanjay,Male,25,Hindu,Kolkata,Bachelor of Design,UI/UX Designer,Looking for Kolkata
495,Nikhil,Male,28,Hindu,Noida,MD,Physician,Looking for Noida
496,Sakshi,Female,30,Hindu,Delhi,M.Tech,Data Scientist,Looking for Delhi
497,Ishita,Female,32,Hindu,Bangalore,CA,Finance Manager,Looking for Bangalore
498,Komal,Female,23,Hindu,Gurgaon,CA,Investment Banker,Looking for Gurgaon
499,Mohit,Male,22,Hindu,Gurgaon,M.Ed,Teacher,Looking for Gurgaon
500,Meera,Female,21,Hindu,Ahmedabad,BFA,UI/UX Designer,Looking for Pune
501,Ravi,Male,22,Muslim,Mumbai,M.Tech,AI Engineer,Looking for Mumbai
502,Vivek,Male,24,Hindu,Ahmedabad,BCA,Frontend Developer,Looking for Gurgaon
503,Yash,Male,29,Sikh,Ahmedabad,MBA,Financial Analyst,Looking for Mumbai
504,Ankit,Male,25,Muslim,Mumbai,MBA,Business Analyst,Looking for Mumbai
505,Vikram,Male,29,Hindu,Hyderabad,M.Tech,Full Stack Developer,Looking for Hyderabad
506,Mayank,Male,26,Hindu,Delhi,MBBS,Cardiologist,Looking for Delhi
507,Sahil,Male,35,Hindu,Kolkata,B.Tech,Software Developer,Looking for Kolkata
508,Mohit,Male,28,Hindu,Delhi,M.Ed,Teacher,Looking for Delhi
509,Vikram,Male,30,Hindu,Delhi,MBA,Finance Manager,Looking for Mumbai
510,Vivek,Male,31,Sikh,Bangalore,M.Ed,Teacher,Looking for Noida
511,Swati,Female,34,Hindu,Delhi,BBA,HR Manager,Looking for Delhi
512,Sanjay,Male,27,Sikh,Mumbai,B.Tech,Product Manager,Looking for Mumbai
513,Rajesh,Male,22,Hindu,Bangalore,BBA,Marketing Manager,Looking for Bangalore
514,Sahil,Male,34,Hindu,Gurgaon,CA,Auditor,Looking for Delhi
515,Rajesh,Male,27,Hindu,Chennai,CA,Auditor,Looking for Chennai
516,Sakshi,Female,23,Hindu,Noida,B.E.,Full Stack Developer,Looking for Noida
517,Akash,Male,31,Hindu,Chennai,MBBS,Physician,Looking for Pune
518,Sahil,Male,31,Hindu,Ahmedabad,B.E.,Full Stack Developer,Looking for Ahmedabad
519,Karan,Male,22,Hindu,Hyderabad,B.Ed,Teacher,Looking for Hyderabad
520,Vanshika,Female,27,Hindu,Mumbai,MBA,Product Manager,Looking for Mumbai
521,Nikhil,Male,23,Hindu,Chennai,BFA,Graphic Designer,Looking for Chennai
522,Swati,Female,35,Hindu,Kolkata,MBBS,Doctor,Looking for Kolkata
523,Preeti,Female,23,Muslim,Kolkata,B.Tech,UI/UX Designer,Looking for Kolkata
524,Nisha,Female,30,Hindu,Noida,M.Tech,SDE,Looking for Noida
525,Megha,Female,27,Hindu,Gurgaon,BBA,Marketing Manager,Looking for Noida
526,Nisha,Female,26,Hindu,Bangalore,PhD CS,ML Engineer,Looking for Gurgaon
527,Yash,Male,33,Hindu,Bangalore,MCA,Frontend Developer,Looking for Bangalore
528,Deepak,Male,29,Sikh,Chennai,B.E.,Software Developer,Looking for Chennai
529,Sneha,Female,29,Hindu,Pune,BFA,Product Designer,Looking for Pune
530,Ramesh,Male,24,Hindu,Bangalore,CA,Chartered Accountant,Looking for Bangalore
531,Kiara,Female,35,Hindu,Kolkata,LLB,Lawyer,Looking for Mumbai
532,Sakshi,Female,29,Hindu,Chennai,BBA,HR Manager,Looking for Chennai
533,Mohit,Male,30,Hindu,Chennai,MS in CS,Cloud Engineer,Looking for Chennai
534,Ramesh,Male,22,Hindu,Kolkata,B.Tech,UI/UX Designer,Looking for Kolkata
535,Simran,Female,28,Muslim,Chennai,B.E.,Full Stack Developer,Looking for Chennai
536,Preeti,Female,31,Hindu,Delhi,M.Tech,DevOps Engineer,Looking for Delhi
537,Rohan,Male,34,Hindu,Mumbai,MBBS,Physician,Looking for Mumbai
538,Ravi,Male,27,Hindu,Kolkata,B.Tech,Mechanical Engineer,Looking for Kolkata
539,Rajesh,Male,23,Hindu,Noida,BBA,Marketing Manager,Looking for Noida
540,Krishna,Male,22,Christian,Delhi,PhD CS,ML Engineer,Looking for Delhi
541,Krishna,Male,35,Hindu,Chennai,BBA,Marketing Manager,Looking for Chennai
542,Nisha,Female,35,Hindu,Bangalore,B.E.,Civil Engineer,Looking for Kolkata
543,Pooja,Female,33,Hindu,Noida,B.Tech,SDE,Looking for Noida
544,Harsh,Male,29,Hindu,Pune,PhD CS,ML Engineer,Looking for Pune
545,Simran,Female,29,Hindu,Chennai,MBA,HR Manager,Looking for Chennai
546,Abhishek,Male,21,Hindu,Hyderabad,CA,Chartered Accountant,Looking for Hyderabad
547,Nikhil,Male,34,Muslim,Pune,M.Tech,Backend Developer,Looking for Chennai
548,Ravi,Male,24,Hindu,Delhi,B.Tech,Backend Developer,Looking for Delhi
549,Aaradhya,Female,33,Hindu,Bangalore,BBA,HR Manager,Looking for Chennai
550,Karan,Male,31,Hindu,Hyderabad,B.E.,DevOps Engineer,Looking for Hyderabad
551,Suresh,Male,21,Hindu,Mumbai,BFA,Product Designer,Looking for Mumbai
552,Vikram,Male,34,Hindu,Noida,PhD CS,ML Engineer,Looking for Delhi
553,Sneha,Female,34,Hindu,Chennai,MBBS,Surgeon,Looking for Ahmedabad
554,Vikram,Male,30,Hindu,Noida,CFA,Investment Banker,Looking for Noida
555,Arjun,Male,28,Christian,Noida,B.Tech,Software Developer,Looking for Noida
556,Akash,Male,25,Hindu,Bangalore,MS in CS,Data Scientist,Looking for Gurgaon
557,Priya,Female,32,Hindu,Delhi,Bachelor of Design,UI/UX Designer,Looking for Ahmedabad
558,Anjali,Female,35,Hindu,Pune,MS in CS,Data Scientist,Looking for Pune
559,Tara,Female,32,Hindu,Gurgaon,M.Ed,Teacher,Looking for Gurgaon
560,Pooja,Female,31,Hindu,Bangalore,B.Tech,Full Stack Developer,Looking for Bangalore
561,Mayank,Male,32,Hindu,Hyderabad,MS in CS,AI Engineer,Looking for Hyderabad
562,Suresh,Male,33,Hindu,Pune,MS in CS,ML Engineer,Looking for Pune
563,Varun,Male,35,Hindu,Hyderabad,B.E.,DevOps Engineer,Looking for Hyderabad
564,Sahil,Male,32,Hindu,Mumbai,MD,Doctor,Looking for Mumbai
565,Saanvi,Female,35,Hindu,Noida,MBA,Financial Analyst,Looking for Ahmedabad
566,Divya,Female,34,Hindu,Noida,Bachelor of Design,UI/UX Designer,Looking for Noida
567,Divya,Female,29,Hindu,Noida,Bachelor of Design,Graphic Designer,Looking for Noida
568,Nikhil,Male,24,Hindu,Gurgaon,B.E.,Backend Developer,Looking for Bangalore
569,Tara,Female,26,Hindu,Kolkata,CA,Finance Manager,Looking for Kolkata
570,Vivek,Male,21,Hindu,Ahmedabad,MS in CS,Cloud Engineer,Looking for Ahmedabad
571,Krishna,Male,22,Hindu,Ahmedabad,MBBS,Surgeon,Looking for Bangalore
572,Meera,Female,35,Hindu,Noida,BFA,Product Designer,Looking for Chennai
573,Suresh,Male,23,Hindu,Delhi,B.Tech,Product Manager,Looking for Hyderabad
574,Vikram,Male,30,Hindu,Bangalore,Bachelor of Design,Graphic Designer,Looking for Chennai
575,Tanya,Female,33,Hindu,Delhi,MD,Cardiologist,Looking for Delhi
576,Rajesh,Male,29,Hindu,Kolkata,B.Tech,Backend Developer,Looking for Ahmedabad
577,Tara,Female,32,Hindu,Kolkata,PhD CS,ML Engineer,Looking for Mumbai
578,Mohit,Male,24,Muslim,Kolkata,CA,Auditor,Looking for Noida
579,Rohan,Male,35,Hindu,Gurgaon,B.Tech,Civil Engineer,Looking for Gurgaon
580,Pranav,Male,30,Hindu,Bangalore,BCA,Frontend Developer,Looking for Bangalore
581,Rohan,Male,31,Christian,Delhi,MBA,HR Manager,Looking for Ahmedabad
582,Varun,Male,24,Christian,Ahmedabad,B.Tech,Data Scientist,Looking for Delhi
583,Deepak,Male,21,Hindu,Chennai,B.E.,DevOps Engineer,Looking for Chennai
584,Abhishek,Male,21,Hindu,Mumbai,CA,Finance Manager,Looking for Hyderabad
585,Rahul,Male,28,Hindu,Gurgaon,CA,Financial Analyst,Looking for Gurgaon
586,Mohit,Male,24,Hindu,Noida,BBA,HR Manager,Looking for Noida
587,Pranav,Male,23,Hindu,Hyderabad,B.Tech,Software Developer,Looking for Hyderabad
588,Simran,Female,28,Hindu,Bangalore,BFA,Graphic Designer,Looking for Bangalore
589,Ankit,Male,33,Christian,Gurgaon,BFA,UI/UX Designer,Looking for Gurgaon
590,Pranav,Male,28,Hindu,Gurgaon,MD,Doctor,Looking for Gurgaon
591,Aditya,Male,21,Hindu,Mumbai,B.E.,Backend Developer,Looking for Mumbai
592,Pranav,Male,25,Hindu,Delhi,CA,Investment Banker,Looking for Delhi
593,Ayaan,Male,22,Hindu,Bangalore,PhD CS,ML Engineer,Looking for Bangalore
594,Mohit,Male,33,Muslim,Pune,B.Tech,Backend Developer,Looking for Pune
595,Arjun,Male,30,Hindu,Chennai,M.Tech,Professor,Looking for Chennai
596,Akash,Male,23,Hindu,Noida,M.Com,Finance Manager,Looking for Noida
597,Pooja,Female,27,Hindu,Delhi,B.Tech,Mechanical Engineer,Looking for Delhi
598,Priya,Female,24,Hindu,Chennai,B.Tech,Product Designer,Looking for Chennai
599,Deepak,Male,27,Hindu,Hyderabad,M.Com,Auditor,Looking for Hyderabad
600,Sahil,Male,33,Muslim,Gurgaon,MS in CS,Cloud Engineer,Looking for Pune
601,Sakshi,Female,29,Hindu,Gurgaon,MBBS,Doctor,Looking for Gurgaon
602,Ravi,Male,33,Hindu,Delhi,CA,Investment Banker,Looking for Delhi
603,Amit,Male,23,Hindu,Bangalore,BFA,Graphic Designer,Looking for Bangalore
604,Varun,Male,34,Hindu,Pune,MBBS,Cardiologist,Looking for Delhi
605,Nikhil,Male,23,Hindu,Gurgaon,M.Tech,ML Engineer,Looking for Kolkata
606,Aditya,Male,30,Hindu,Mumbai,B.Tech,Product Designer,Looking for Mumbai
607,Sahil,Male,24,Hindu,Gurgaon,B.Tech,Frontend Developer,Looking for Gurgaon
608,Simran,Female,23,Hindu,Bangalore,B.E.,SDE,Looking for Bangalore
609,Shruti,Female,24,Hindu,Gurgaon,B.Tech,Civil Engineer,Looking for Pune
610,Mohit,Male,30,Hindu,Noida,MBA,Financial Analyst,Looking for Noida
611,Preeti,Female,24,Hindu,Pune,M.Com,Auditor,Looking for Pune
612,Deepak,Male,33,Christian,Hyderabad,MD,Cardiologist,Looking for Hyderabad
613,Ishaan,Male,33,Christian,Kolkata,PGDM,Marketing Manager,Looking for Kolkata
614,Kiara,Female,30,Hindu,Gurgaon,MBA,Business Analyst,Looking for Gurgaon
615,Megha,Female,25,Sikh,Gurgaon,PhD CS,AI Engineer,Looking for Kolkata
616,Ishita,Female,21,Hindu,Kolkata,B.E.,Backend Developer,Looking for Kolkata
617,Swati,Female,21,Hindu,Delhi,CFA,Financial Analyst,Looking for Ahmedabad
618,Ramesh,Male,31,Hindu,Pune,LLM,Lawyer,Looking for Pune
619,Aditya,Male,28,Hindu,Chennai,M.Ed,Teacher,Looking for Chennai
620,Riya,Female,23,Hindu,Chennai,PhD CS,AI Engineer,Looking for Chennai
621,Aaradhya,Female,30,Muslim,Ahmedabad,M.Tech,Professor,Looking for Ahmedabad
622,Amit,Male,21,Muslim,Hyderabad,B.Tech,UI/UX Designer,Looking for Hyderabad
623,Aaradhya,Female,35,Hindu,Bangalore,B.Tech,Mechanical Engineer,Looking for Bangalore
624,Shruti,Female,30,Christian,Chennai,BBA,HR Manager,Looking for Gurgaon
625,Vivek,Male,33,Hindu,Hyderabad,B.Tech,Product Manager,Looking for Pune
626,Tara,Female,25,Christian,Kolkata,CA,Finance Manager,Looking for Delhi
627,Riya,Female,31,Hindu,Kolkata,PhD CS,AI Engineer,Looking for Kolkata
628,Divya,Female,31,Hindu,Chennai,LLM,Lawyer,Looking for Chennai
629,Ayaan,Male,33,Hindu,Ahmedabad,CFA,Financial Analyst,Looking for Ahmedabad
630,Ayaan,Male,33,Hindu,Ahmedabad,BBA,Marketing Manager,Looking for Ahmedabad
631,Vikram,Male,35,Hindu,Kolkata,MA,Professor,Looking for Kolkata
632,Diya,Female,23,Hindu,Bangalore,MBBS,Physician,Looking for Bangalore
633,Vivek,Male,27,Muslim,Ahmedabad,B.Tech,UI/UX Designer,Looking for Pune
634,Ayaan,Male,25,Hindu,Bangalore,B.E.,Full Stack Developer,Looking for Gurgaon
635,Suresh,Male,27,Hindu,Gurgaon,MBBS,Cardiologist,Looking for Bangalore
636,Anjali,Female,27,Hindu,Noida,M.Com,Auditor,Looking for Noida
637,Sneha,Female,28,Muslim,Delhi,Bachelor of Design,UI/UX Designer,Looking for Delhi
638,Yash,Male,24,Hindu,Mumbai,MCA,Frontend Developer,Looking for Mumbai
639,Siddharth,Male,23,Hindu,Chennai,CA,Auditor,Looking for Delhi
640,Vanshika,Female,23,Hindu,Ahmedabad,B.E.,Civil Engineer,Looking for Chennai
641,Neha,Female,29,Hindu,Gurgaon,MBA,Product Manager,Looking for Gurgaon
642,Tara,Female,21,Hindu,Pune,MBA,Financial Analyst,Looking for Bangalore
643,Krishna,Male,31,Hindu,Chennai,BBA,Business Analyst,Looking for Chennai
644,Vikram,Male,31,Hindu,Chennai,B.Tech,Civil Engineer,Looking for Pune
645,Abhishek,Male,25,Christian,Bangalore,B.Tech,Software Developer,Looking for Delhi
646,Varun,Male,27,Hindu,Mumbai,MBBS,Cardiologist,Looking for Mumbai
647,Kartik,Male,33,Hindu,Mumbai,PGDM,HR Manager,Looking for Mumbai
648,Arjun,Male,30,Hindu,Delhi,BFA,Product Designer,Looking for Delhi
649,Anjali,Female,33,Hindu,Mumbai,MD,Doctor,Looking for Mumbai
650,Harsh,Male,23,Hindu,Mumbai,MCA,Software Developer,Looking for Mumbai
651,Nisha,Female,33,Hindu,Bangalore,M.Tech,SDE,Looking for Bangalore
652,Deepak,Male,24,Hindu,Noida,M.Tech,SDE,Looking for Noida
653,Ankit,Male,32,Hindu,Mumbai,M.Com,Auditor,Looking for Mumbai
654,Sakshi,Female,35,Hindu,Hyderabad,B.Ed,Teacher,Looking for Mumbai
655,Arjun,Male,33,Hindu,Mumbai,M.Com,Finance Manager,Looking for Mumbai
656,Vanshika,Female,21,Hindu,Ahmedabad,CA,Chartered Accountant,Looking for Ahmedabad
657,Amit,Male,25,Hindu,Kolkata,BFA,UI/UX Designer,Looking for Bangalore
658,Saanvi,Female,33,Hindu,Mumbai,B.Tech,Full Stack Developer,Looking for Mumbai
659,Ramesh,Male,24,Hindu,Pune,BFA,Graphic Designer,Looking for Pune
660,Ravi,Male,25,Hindu,Hyderabad,B.E.,SDE,Looking for Bangalore
661,Myra,Female,21,Hindu,Kolkata,M.Tech,Full Stack Developer,Looking for Kolkata
662,Krishna,Male,21,Hindu,Mumbai,MBA,Marketing Manager,Looking for Mumbai
663,Amit,Male,21,Hindu,Delhi,MS in CS,ML Engineer,Looking for Kolkata
664,Megha,Female,22,Hindu,Kolkata,M.Tech,Full Stack Developer,Looking for Mumbai
665,Pooja,Female,25,Hindu,Ahmedabad,MBBS,Cardiologist,Looking for Ahmedabad
666,Pranav,Male,29,Hindu,Delhi,Bachelor of Design,Graphic Designer,Looking for Delhi
667,Shruti,Female,30,Hindu,Delhi,MBA,Marketing Manager,Looking for Delhi
668,Deepak,Male,28,Hindu,Pune,B.Tech,Product Designer,Looking for Pune
669,Ravi,Male,32,Hindu,Mumbai,BBA,Business Analyst,Looking for Mumbai
670,Meera,Female,27,Hindu,Hyderabad,MBA,Product Manager,Looking for Hyderabad
671,Ishaan,Male,22,Hindu,Mumbai,M.Tech,SDE,Looking for Mumbai
672,Divya,Female,27,Hindu,Kolkata,PhD CS,ML Engineer,Looking for Gurgaon
673,Aaradhya,Female,34,Hindu,Delhi,M.Tech,Cloud Engineer,Looking for Pune
674,Kiara,Female,22,Hindu,Bangalore,CA,Chartered Accountant,Looking for Bangalore
675,Rajesh,Male,27,Hindu,Delhi,MCA,SDE,Looking for Ahmedabad
676,Aaradhya,Female,21,Hindu,Chennai,B.Tech,Product Designer,Looking for Chennai
677,Ravi,Male,30,Hindu,Hyderabad,MD,Surgeon,Looking for Hyderabad
678,Arjun,Male,25,Muslim,Hyderabad,M.Tech,ML Engineer,Looking for Chennai
679,Karan,Male,33,Hindu,Ahmedabad,M.Tech,Cloud Engineer,Looking for Pune
680,Vivek,Male,24,Christian,Hyderabad,CA,Chartered Accountant,Looking for Hyderabad
681,Vivek,Male,35,Hindu,Kolkata,B.E.,Civil Engineer,Looking for Ahmedabad
682,Komal,Female,27,Muslim,Noida,M.Tech,Professor,Looking for Kolkata
683,Nikhil,Male,26,Hindu,Chennai,MBA,Financial Analyst,Looking for Chennai
684,Vikram,Male,24,Hindu,Pune,CA,Chartered Accountant,Looking for Ahmedabad
685,Rohan,Male,31,Christian,Ahmedabad,MD,Pediatrician,Looking for Ahmedabad
686,Kiara,Female,35,Muslim,Hyderabad,MBA,Business Analyst,Looking for Hyderabad
687,Preeti,Female,23,Hindu,Bangalore,MBA,HR Manager,Looking for Bangalore
688,Kartik,Male,35,Hindu,Noida,M.Com,Finance Manager,Looking for Noida
689,Myra,Female,21,Hindu,Delhi,PGDM,HR Manager,Looking for Chennai
690,Vikram,Male,33,Hindu,Noida,MA,Teacher,Looking for Noida
691,Sneha,Female,22,Hindu,Gurgaon,BBA,Business Analyst,Looking for Gurgaon
692,Tara,Female,30,Hindu,Chennai,MBA,Finance Manager,Looking for Pune
693,Varun,Male,22,Hindu,Ahmedabad,Bachelor of Design,Product Designer,Looking for Ahmedabad
694,Aditya,Male,21,Sikh,Noida,MA,Teacher,Looking for Noida
695,Kiara,Female,33,Hindu,Delhi,B.E.,Backend Developer,Looking for Delhi
696,Vikram,Male,27,Hindu,Kolkata,MBA,Business Analyst,Looking for Kolkata
697,Priya,Female,24,Hindu,Bangalore,MS (Surgery),Surgeon,Looking for Delhi
698,Varun,Male,34,Hindu,Delhi,MS (Surgery),Surgeon,Looking for Delhi
699,Rajesh,Male,22,Hindu,Hyderabad,CA,Chartered Accountant,Looking for Pune
700,Mayank,Male,30,Hindu,Gurgaon,B.Tech,Frontend Developer,Looking for Gurgaon
701,Rohan,Male,33,Hindu,Noida,PhD CS,ML Engineer,Looking for Ahmedabad
702,Deepak,Male,30,Hindu,Pune,B.Tech,Product Designer,Looking for Noida
703,Swati,Female,30,Muslim,Gurgaon,B.Tech,Data Scientist,Looking for Noida
704,Siddharth,Male,30,Christian,Ahmedabad,MBA,Investment Banker,Looking for Noida
705,Sahil,Male,29,Hindu,Ahmedabad,MBBS,Doctor,Looking for Delhi
706,Aaradhya,Female,31,Hindu,Ahmedabad,CA,Auditor,Looking for Ahmedabad
707,Deepak,Male,23,Hindu,Mumbai,Bachelor of Design,UI/UX Designer,Looking for Mumbai
708,Sara,Female,32,Hindu,Ahmedabad,BFA,Graphic Designer,Looking for Ahmedabad
709,Yash,Male,34,Muslim,Kolkata,B.Tech,SDE,Looking for Kolkata
710,Rohan,Male,31,Hindu,Pune,B.E.,Civil Engineer,Looking for Pune
711,Arjun,Male,30,Hindu,Noida,CA,Investment Banker,Looking for Delhi
712,Sanjay,Male,35,Hindu,Mumbai,BFA,UI/UX Designer,Looking for Mumbai
713,Tara,Female,34,Christian,Pune,LLB,Lawyer,Looking for Pune
714,Priya,Female,31,Hindu,Noida,MD,Physician,Looking for Noida
715,Aarti,Female,22,Hindu,Bangalore,MS in CS,Data Scientist,Looking for Bangalore
716,Amit,Male,30,Sikh,Hyderabad,M.Tech,Data Scientist,Looking for Hyderabad
717,Krishna,Male,35,Hindu,Hyderabad,M.Tech,DevOps Engineer,Looking for Hyderabad
718,Varun,Male,34,Sikh,Noida,PhD CS,AI Engineer,Looking for Noida
719,Myra,Female,34,Hindu,Pune,MBBS,Surgeon,Looking for Kolkata
720,Amit,Male,24,Hindu,Kolkata,MS in CS,Cloud Engineer,Looking for Kolkata
721,Nikhil,Male,32,Hindu,Pune,B.Tech,Data Scientist,Looking for Kolkata
722,Pranav,Male,24,Hindu,Chennai,Bachelor of Design,Graphic Designer,Looking for Chennai
723,Rahul,Male,22,Hindu,Hyderabad,M.Tech,Backend Developer,Looking for Mumbai
724,Ramesh,Male,34,Hindu,Ahmedabad,CA,Auditor,Looking for Ahmedabad
725,Abhishek,Male,29,Hindu,Bangalore,M.Tech,Data Scientist,Looking for Bangalore
726,Sahil,Male,29,Hindu,Gurgaon,CA,Auditor,Looking for Gurgaon
727,Megha,Female,27,Hindu,Kolkata,MBA,Financial Analyst,Looking for Kolkata
728,Abhishek,Male,31,Hindu,Delhi,B.Tech,UI/UX Designer,Looking for Gurgaon
729,Rahul,Male,22,Hindu,Delhi,M.Com,Finance Manager,Looking for Delhi
730,Meera,Female,31,Hindu,Hyderabad,PGDM,Marketing Manager,Looking for Hyderabad
731,Yash,Male,22,Hindu,Pune,BFA,Graphic Designer,Looking for Pune
732,Rahul,Male,29,Hindu,Bangalore,B.Tech,Software Developer,Looking for Bangalore
733,Ayaan,Male,31,Hindu,Gurgaon,B.Tech,Mechanical Engineer,Looking for Bangalore
734,Neha,Female,27,Muslim,Chennai,CA,Financial Analyst,Looking for Noida
735,Riya,Female,25,Hindu,Kolkata,PhD CS,ML Engineer,Looking for Bangalore
736,Ankit,Male,33,Hindu,Kolkata,MD,Cardiologist,Looking for Kolkata
737,Rahul,Male,30,Hindu,Noida,Bachelor of Design,UI/UX Designer,Looking for Bangalore
738,Komal,Female,34,Sikh,Hyderabad,MBA,Financial Analyst,Looking for Hyderabad
739,Varun,Male,30,Hindu,Ahmedabad,MBA,Marketing Manager,Looking for Ahmedabad
740,Divya,Female,32,Hindu,Delhi,CA,Chartered Accountant,Looking for Delhi
741,Myra,Female,35,Hindu,Gurgaon,MBA,HR Manager,Looking for Gurgaon
742,Rajesh,Male,30,Hindu,Hyderabad,LLB,Lawyer,Looking for Hyderabad
743,Arjun,Male,31,Hindu,Pune,MS in CS,Data Scientist,Looking for Pune
744,Myra,Female,21,Hindu,Hyderabad,LLB,Lawyer,Looking for Hyderabad
745,Rahul,Male,31,Jain,Kolkata,MCA,SDE,Looking for Kolkata
746,Deepak,Male,21,Hindu,Gurgaon,MS in CS,AI Engineer,Looking for Mumbai
747,Pooja,Female,30,Hindu,Chennai,B.E.,Backend Developer,Looking for Chennai
748,Varun,Male,29,Hindu,Hyderabad,BFA,UI/UX Designer,Looking for Hyderabad
749,Nikhil,Male,35,Hindu,Delhi,MD,Doctor,Looking for Delhi
750,Abhishek,Male,28,Hindu,Noida,Bachelor of Design,Graphic Designer,Looking for Noida
751,Arjun,Male,21,Hindu,Gurgaon,B.Tech,Mechanical Engineer,Looking for Gurgaon
752,Abhishek,Male,31,Hindu,Chennai,BFA,Product Designer,Looking for Noida
753,Akash,Male,32,Hindu,Mumbai,PGDM,Marketing Manager,Looking for Mumbai
754,Kartik,Male,26,Hindu,Kolkata,MBA,Business Analyst,Looking for Kolkata
755,Divya,Female,22,Hindu,Delhi,CA,Auditor,Looking for Delhi
756,Simran,Female,33,Hindu,Pune,BFA,UI/UX Designer,Looking for Noida
757,Vikram,Male,24,Hindu,Ahmedabad,MBA,Business Analyst,Looking for Gurgaon
758,Divya,Female,26,Hindu,Mumbai,MBA,Marketing Manager,Looking for Mumbai
759,Ayaan,Male,29,Hindu,Ahmedabad,PGDM,HR Manager,Looking for Ahmedabad
760,Ankit,Male,29,Hindu,Delhi,MBA,Product Manager,Looking for Ahmedabad
761,Abhishek,Male,35,Hindu,Bangalore,M.Tech,Data Scientist,Looking for Bangalore
762,Vivek,Male,22,Hindu,Pune,B.Tech,Cloud Engineer,Looking for Pune
763,Amit,Male,29,Hindu,Bangalore,Bachelor of Design,Product Designer,Looking for Bangalore
764,Harsh,Male,35,Hindu,Noida,MA,Teacher,Looking for Noida
765,Yash,Male,31,Hindu,Pune,MD,Physician,Looking for Pune
766,Kartik,Male,34,Hindu,Delhi,PhD,Professor,Looking for Chennai
767,Ramesh,Male,35,Hindu,Hyderabad,MD,Doctor,Looking for Hyderabad
768,Anjali,Female,32,Jain,Ahmedabad,M.Ed,Teacher,Looking for Ahmedabad
769,Krishna,Male,29,Sikh,Noida,CA,Financial Analyst,Looking for Noida
770,Tara,Female,26,Hindu,Mumbai,M.Tech,Backend Developer,Looking for Ahmedabad
771,Rajesh,Male,32,Sikh,Delhi,PhD CS,AI Engineer,Looking for Delhi
772,Shruti,Female,35,Hindu,Pune,MBA,Business Analyst,Looking for Delhi
773,Pranav,Male,33,Hindu,Bangalore,B.E.,Civil Engineer,Looking for Bangalore
774,Ishaan,Male,31,Hindu,Gurgaon,M.Tech,Professor,Looking for Gurgaon
775,Krishna,Male,30,Hindu,Ahmedabad,B.E.,Software Developer,Looking for Ahmedabad
776,Meera,Female,23,Hindu,Gurgaon,MS in CS,Cloud Engineer,Looking for Gurgaon
777,Karan,Male,35,Hindu,Delhi,LLB,Lawyer,Looking for Delhi
778,Shruti,Female,33,Hindu,Mumbai,MBA,Financial Analyst,Looking for Mumbai
779,Amit,Male,26,Hindu,Noida,CA,Auditor,Looking for Noida
780,Harsh,Male,30,Hindu,Hyderabad,MD,Physician,Looking for Hyderabad
781,Tara,Female,25,Hindu,Chennai,B.Tech,Cloud Engineer,Looking for Bangalore
782,Rahul,Male,31,Hindu,Delhi,B.Tech,Backend Developer,Looking for Mumbai
783,Akash,Male,23,Hindu,Gurgaon,MBBS,Surgeon,Looking for Gurgaon
784,Deepak,Male,26,Hindu,Chennai,B.Tech,Cloud Engineer,Looking for Delhi
785,Arjun,Male,32,Hindu,Kolkata,MS in CS,AI Engineer,Looking for Kolkata
786,Simran,Female,21,Muslim,Noida,MD,Pediatrician,Looking for Hyderabad
787,Aarti,Female,27,Hindu,Gurgaon,MBA,HR Manager,Looking for Ahmedabad
788,Mohit,Male,27,Hindu,Pune,MA,Professor,Looking for Kolkata
789,Nikhil,Male,35,Hindu,Bangalore,Bachelor of Design,Product Designer,Looking for Bangalore
790,Rajesh,Male,31,Hindu,Mumbai,MBBS,Cardiologist,Looking for Mumbai
791,Kavya,Female,21,Hindu,Ahmedabad,MCA,Software Developer,Looking for Ahmedabad
792,Arjun,Male,33,Hindu,Gurgaon,CA,Chartered Accountant,Looking for Gurgaon
793,Diya,Female,32,Hindu,Delhi,BBA,Business Analyst,Looking for Mumbai
794,Deepak,Male,27,Hindu,Bangalore,M.Tech,SDE,Looking for Bangalore
795,Ankit,Male,35,Hindu,Ahmedabad,MBA,Business Analyst,Looking for Ahmedabad
796,Sakshi,Female,23,Hindu,Mumbai,MS in CS,Cloud Engineer,Looking for Bangalore
797,Ravi,Male,30,Sikh,Gurgaon,B.Tech,Data Scientist,Looking for Gurgaon
798,Ishaan,Male,21,Hindu,Pune,MS in CS,Data Scientist,Looking for Kolkata
799,Aditya,Male,22,Hindu,Mumbai,CA,Auditor,Looking for Kolkata
800,Harsh,Male,22,Christian,Gurgaon,MD,Doctor,Looking for Gurgaon
801,Pari,Female,35,Christian,Hyderabad,MA,Teacher,Looking for Hyderabad
802,Ishaan,Male,23,Hindu,Chennai,M.Tech,Data Scientist,Looking for Chennai
803,Neha,Female,33,Hindu,Mumbai,B.E.,SDE,Looking for Hyderabad
804,Sahil,Male,22,Hindu,Hyderabad,B.Tech,Product Manager,Looking for Hyderabad
805,Riya,Female,32,Hindu,Hyderabad,B.Tech,Mechanical Engineer,Looking for Hyderabad
806,Simran,Female,34,Hindu,Noida,CA,Chartered Accountant,Looking for Ahmedabad
807,Tara,Female,32,Hindu,Chennai,MBBS,Pediatrician,Looking for Chennai
808,Mohit,Male,32,Hindu,Bangalore,LLB,Lawyer,Looking for Bangalore
809,Simran,Female,35,Hindu,Kolkata,Bachelor of Design,UI/UX Designer,Looking for Noida
810,Mohit,Male,26,Sikh,Gurgaon,CA,Auditor,Looking for Gurgaon
811,Akash,Male,24,Sikh,Bangalore,BBA,Business Analyst,Looking for Bangalore
812,Ananya,Female,23,Christian,Ahmedabad,BBA,Marketing Manager,Looking for Noida
813,Suresh,Male,25,Hindu,Pune,MD,Surgeon,Looking for Pune
814,Sahil,Male,30,Hindu,Delhi,M.Tech,Full Stack Developer,Looking for Delhi
815,Arjun,Male,26,Hindu,Hyderabad,MD,Physician,Looking for Hyderabad
816,Kavya,Female,23,Hindu,Delhi,Bachelor of Design,Graphic Designer,Looking for Delhi
817,Nikhil,Male,27,Hindu,Gurgaon,MBA,Product Manager,Looking for Pune
818,Vikram,Male,29,Hindu,Bangalore,LLM,Lawyer,Looking for Gurgaon
819,Mayank,Male,23,Hindu,Mumbai,B.E.,Backend Developer,Looking for Mumbai
820,Tara,Female,29,Muslim,Mumbai,MD,Doctor,Looking for Mumbai
821,Abhishek,Male,26,Muslim,Mumbai,MA,Teacher,Looking for Bangalore
822,Varun,Male,25,Hindu,Bangalore,B.Tech,Product Manager,Looking for Bangalore
823,Megha,Female,31,Hindu,Delhi,LLB,Lawyer,Looking for Delhi
824,Vikram,Male,33,Hindu,Kolkata,MBBS,Doctor,Looking for Kolkata
825,Kartik,Male,32,Hindu,Mumbai,MD,Doctor,Looking for Mumbai
826,Karan,Male,33,Hindu,Hyderabad,MBBS,Pediatrician,Looking for Hyderabad
827,Tanya,Female,24,Sikh,Hyderabad,BFA,Product Designer,Looking for Hyderabad
828,Abhishek,Male,35,Hindu,Pune,M.Tech,Professor,Looking for Pune
829,Rohan,Male,31,Hindu,Pune,BFA,Graphic Designer,Looking for Mumbai
830,Karan,Male,23,Hindu,Noida,B.Tech,Full Stack Developer,Looking for Chennai
831,Harsh,Male,25,Hindu,Chennai,MCA,Frontend Developer,Looking for Pune
832,Ramesh,Male,32,Sikh,Ahmedabad,M.Tech,Full Stack Developer,Looking for Ahmedabad
833,Karan,Male,30,Muslim,Delhi,CA,Finance Manager,Looking for Delhi
834,Rajesh,Male,23,Sikh,Mumbai,BBA,HR Manager,Looking for Delhi
835,Mohit,Male,27,Hindu,Bangalore,CA,Finance Manager,Looking for Gurgaon
836,Kartik,Male,29,Hindu,Ahmedabad,M.Tech,SDE,Looking for Ahmedabad
837,Yash,Male,21,Hindu,Mumbai,MD,Doctor,Looking for Mumbai
838,Varun,Male,33,Muslim,Bangalore,MBBS,Doctor,Looking for Bangalore
839,Ishita,Female,31,Hindu,Kolkata,M.Ed,Teacher,Looking for Kolkata
840,Swati,Female,35,Hindu,Mumbai,Bachelor of Design,Graphic Designer,Looking for Mumbai
841,Harsh,Male,31,Hindu,Mumbai,BFA,UI/UX Designer,Looking for Mumbai
842,Vivek,Male,24,Hindu,Delhi,MBA,Product Manager,Looking for Delhi
843,Saanvi,Female,33,Hindu,Delhi,CA,Auditor,Looking for Delhi
844,Tara,Female,27,Hindu,Chennai,CFA,Financial Analyst,Looking for Chennai
845,Deepak,Male,30,Hindu,Mumbai,MCA,Frontend Developer,Looking for Mumbai
846,Megha,Female,22,Christian,Pune,Bachelor of Design,Graphic Designer,Looking for Bangalore
847,Rajesh,Male,34,Hindu,Noida,MBA,Finance Manager,Looking for Noida
848,Riya,Female,29,Hindu,Ahmedabad,M.Tech,Full Stack Developer,Looking for Kolkata
849,Anjali,Female,35,Hindu,Hyderabad,M.Tech,Full Stack Developer,Looking for Hyderabad
850,Pranav,Male,32,Muslim,Noida,M.Tech,Professor,Looking for Chennai
851,Swati,Female,31,Hindu,Pune,B.Tech,Data Scientist,Looking for Pune
852,Sanjay,Male,31,Sikh,Delhi,CFA,Financial Analyst,Looking for Noida
853,Aditya,Male,29,Hindu,Chennai,MBBS,Doctor,Looking for Chennai
854,Vivek,Male,35,Hindu,Kolkata,M.Tech,DevOps Engineer,Looking for Kolkata
855,Vikram,Male,22,Hindu,Pune,B.Tech,Backend Developer,Looking for Pune
856,Vikram,Male,27,Muslim,Pune,M.Tech,DevOps Engineer,Looking for Pune
857,Akash,Male,32,Hindu,Chennai,B.Com,Business Analyst,Looking for Chennai
858,Harsh,Male,30,Hindu,Hyderabad,MBBS,Physician,Looking for Hyderabad
859,Aarti,Female,33,Hindu,Delhi,B.Tech,Mechanical Engineer,Looking for Delhi
860,Kartik,Male,22,Hindu,Bangalore,B.E.,Software Developer,Looking for Kolkata
861,Swati,Female,33,Hindu,Bangalore,LLM,Lawyer,Looking for Bangalore
862,Kartik,Male,27,Hindu,Chennai,MBBS,Physician,Looking for Chennai
863,Suresh,Male,23,Muslim,Bangalore,B.E.,Mechanical Engineer,Looking for Bangalore
864,Aditya,Male,23,Hindu,Mumbai,MBA,Financial Analyst,Looking for Ahmedabad
865,Preeti,Female,34,Hindu,Chennai,BBA,Marketing Manager,Looking for Pune
866,Vanshika,Female,30,Hindu,Kolkata,B.Tech,Frontend Developer,Looking for Kolkata
867,Aaradhya,Female,29,Muslim,Delhi,MD,Doctor,Looking for Delhi
868,Nikhil,Male,30,Hindu,Delhi,M.Tech,Professor,Looking for Hyderabad
869,Ramesh,Male,21,Hindu,Delhi,M.Tech,Professor,Looking for Pune
870,Akash,Male,24,Hindu,Noida,B.Tech,Product Manager,Looking for Noida
871,Harsh,Male,26,Hindu,Chennai,MD,Surgeon,Looking for Chennai
872,Suresh,Male,24,Christian,Ahmedabad,MCA,Software Developer,Looking for Ahmedabad
873,Diya,Female,31,Hindu,Hyderabad,B.E.,Civil Engineer,Looking for Hyderabad
874,Megha,Female,23,Hindu,Mumbai,M.Tech,Backend Developer,Looking for Mumbai
875,Neha,Female,29,Muslim,Pune,BBA,Business Analyst,Looking for Pune
876,Sanjay,Male,25,Hindu,Mumbai,Bachelor of Design,UI/UX Designer,Looking for Mumbai
877,Rajesh,Male,23,Hindu,Bangalore,BBA,Marketing Manager,Looking for Bangalore
878,Ankit,Male,22,Hindu,Hyderabad,MBBS,Physician,Looking for Bangalore
879,Sneha,Female,26,Hindu,Gurgaon,MBBS,Pediatrician,Looking for Kolkata
880,Varun,Male,35,Hindu,Gurgaon,B.Tech,UI/UX Designer,Looking for Pune
881,Rajesh,Male,31,Hindu,Pune,BFA,UI/UX Designer,Looking for Kolkata
882,Akash,Male,29,Hindu,Gurgaon,B.Tech,Cloud Engineer,Looking for Gurgaon
883,Suresh,Male,35,Hindu,Bangalore,MBBS,Doctor,Looking for Hyderabad
884,Ankit,Male,22,Hindu,Delhi,MS in CS,AI Engineer,Looking for Delhi
885,Ravi,Male,30,Hindu,Ahmedabad,MD,Pediatrician,Looking for Ahmedabad
886,Ankit,Male,30,Hindu,Hyderabad,B.Ed,Teacher,Looking for Hyderabad
887,Amit,Male,33,Hindu,Delhi,B.Tech,Data Scientist,Looking for Delhi
888,Krishna,Male,29,Muslim,Hyderabad,BFA,Graphic Designer,Looking for Hyderabad
889,Arjun,Male,32,Hindu,Bangalore,BCA,Frontend Developer,Looking for Bangalore
890,Abhishek,Male,21,Christian,Ahmedabad,MD,Doctor,Looking for Ahmedabad
891,Neha,Female,28,Hindu,Delhi,B.E.,DevOps Engineer,Looking for Delhi
892,Vanshika,Female,24,Muslim,Delhi,B.Tech,Civil Engineer,Looking for Delhi
893,Sanjay,Male,30,Hindu,Kolkata,MBA,Business Analyst,Looking for Delhi
894,Rajesh,Male,25,Hindu,Pune,MD,Surgeon,Looking for Pune
895,Swati,Female,25,Hindu,Chennai,MD,Doctor,Looking for Chennai
896,Mohit,Male,25,Christian,Delhi,CA,Auditor,Looking for Delhi
897,Kiara,Female,26,Hindu,Kolkata,BFA,Graphic Designer,Looking for Noida
898,Divya,Female,25,Hindu,Bangalore,MS in CS,Data Scientist,Looking for Bangalore
899,Pranav,Male,23,Hindu,Pune,BCA,Frontend Developer,Looking for Pune
900,Divya,Female,28,Hindu,Ahmedabad,M.Com,Auditor,Looking for Ahmedabad
901,Rohan,Male,28,Hindu,Bangalore,B.Tech,SDE,Looking for Bangalore
902,Ravi,Male,32,Hindu,Bangalore,B.E.,SDE,Looking for Bangalore
903,Karan,Male,26,Hindu,Bangalore,B.Tech,Software Developer,Looking for Bangalore
904,Kartik,Male,29,Hindu,Bangalore,B.E.,Software Developer,Looking for Bangalore
905,Pranav,Male,31,Hindu,Bangalore,B.Tech,SDE,Looking for Bangalore
906,Vikram,Male,30,Hindu,Bangalore,B.E.,SDE,Looking for Bangalore
907,Varun,Male,31,Hindu,Bangalore,B.Tech,Software Developer,Looking for Bangalore
908,Abhishek,Male,29,Hindu,Bangalore,B.E.,Software Developer,Looking for Bangalore
909,Siddharth,Male,30,Hindu,Bangalore,B.Tech,Backend Developer,Looking for Bangalore
910,Sanjay,Male,25,Hindu,Bangalore,B.E.,Frontend Developer,Looking for Bangalore
911,Rohan,Male,32,Hindu,Bangalore,M.Tech,Full Stack Developer,Looking for Bangalore
912,Kartik,Male,32,Hindu,Bangalore,MCA,Software Developer,Looking for Bangalore
913,Rahul,Male,30,Hindu,Bangalore,B.Tech,Backend Developer,Looking for Bangalore
914,Deepak,Male,32,Hindu,Bangalore,B.E.,Frontend Developer,Looking for Bangalore
915,Mohit,Male,26,Hindu,Bangalore,M.Tech,Full Stack Developer,Looking for Bangalore
916,Yash,Male,30,Hindu,Bangalore,MCA,Software Developer,Looking for Bangalore
917,Ayaan,Male,27,Hindu,Bangalore,B.Tech,DevOps Engineer,Looking for Bangalore
918,Deepak,Male,26,Hindu,Bangalore,B.Tech,DevOps Engineer,Looking for Bangalore
919,Arjun,Male,31,Hindu,Bangalore,M.Tech,Cloud Engineer,Looking for Bangalore
920,Vivek,Male,30,Hindu,Bangalore,M.Tech,Cloud Engineer,Looking for Bangalore
921,Arjun,Male,32,Hindu,Hyderabad,MBBS,Doctor,Looking for Hyderabad
922,Vikram,Male,27,Hindu,Pune,MBBS,Doctor,Looking for Pune
923,Vivek,Male,27,Hindu,Gurgaon,MBBS,Surgeon,Looking for Gurgaon
924,Mayank,Male,27,Hindu,Delhi,MBBS,Surgeon,Looking for Delhi
925,Sanjay,Male,28,Hindu,Kolkata,MD,Doctor,Looking for Kolkata
926,Sahil,Male,32,Hindu,Kolkata,MD,Doctor,Looking for Kolkata
927,Varun,Male,30,Hindu,Kolkata,MD,Surgeon,Looking for Kolkata
928,Mohit,Male,29,Hindu,Hyderabad,MD,Surgeon,Looking for Hyderabad
929,Ishaan,Male,31,Hindu,Bangalore,MBBS,Physician,Looking for Bangalore
930,Akash,Male,27,Hindu,Mumbai,MBBS,Physician,Looking for Mumbai
931,Harsh,Male,31,Hindu,Gurgaon,MD,Cardiologist,Looking for Gurgaon
932,Ravi,Male,29,Hindu,Pune,MD,Cardiologist,Looking for Pune
933,Mohit,Male,30,Hindu,Delhi,MBBS,Pediatrician,Looking for Delhi
934,Harsh,Male,26,Hindu,Mumbai,MBBS,Pediatrician,Looking for Mumbai
935,Mayank,Male,30,Hindu,Pune,MS (Surgery),Surgeon,Looking for Pune
936,Deepak,Male,28,Hindu,Gurgaon,MS (Surgery),Surgeon,Looking for Gurgaon
937,Kartik,Male,32,Hindu,Gurgaon,BDS,Dentist,Looking for Gurgaon
938,Arjun,Male,30,Hindu,Bangalore,BDS,Dentist,Looking for Bangalore
939,Ramesh,Male,31,Hindu,Noida,B.Pharm,Pharmacist,Looking for Noida
940,Varun,Male,33,Hindu,Delhi,B.Pharm,Pharmacist,Looking for Delhi
941,Ishaan,Male,32,Hindu,Mumbai,CA,Chartered Accountant,Looking for Mumbai
942,Harsh,Male,30,Hindu,Mumbai,CA,Chartered Accountant,Looking for Mumbai
943,Pranav,Male,27,Hindu,Mumbai,CA,Finance Manager,Looking for Mumbai
944,Arjun,Male,27,Hindu,Mumbai,CA,Finance Manager,Looking for Mumbai
945,Ravi,Male,28,Hindu,Mumbai,MBA,Finance Manager,Looking for Mumbai
946,Ankit,Male,30,Hindu,Mumbai,MBA,Finance Manager,Looking for Mumbai
947,Mohit,Male,28,Hindu,Mumbai,CA,Chartered Accountant,Looking for Mumbai
948,Ishaan,Male,29,Hindu,Mumbai,CA,Chartered Accountant,Looking for Mumbai
949,Pranav,Male,31,Hindu,Mumbai,MBA,Financial Analyst,Looking for Mumbai
950,Rajesh,Male,32,Hindu,Mumbai,MBA,Financial Analyst,Looking for Mumbai
951,Suresh,Male,25,Hindu,Mumbai,CA,Auditor,Looking for Mumbai
952,Ankit,Male,31,Hindu,Mumbai,CA,Auditor,Looking for Mumbai
953,Siddharth,Male,29,Hindu,Mumbai,CFA,Investment Banker,Looking for Mumbai
954,Deepak,Male,32,Hindu,Mumbai,CFA,Investment Banker,Looking for Mumbai
955,Rajesh,Male,26,Hindu,Mumbai,M.Com,Finance Manager,Looking for Mumbai
956,Kartik,Male,31,Hindu,Mumbai,M.Com,Finance Manager,Looking for Mumbai
957,Yash,Male,32,Hindu,Mumbai,MBA,Business Analyst,Looking for Mumbai
958,Rajesh,Male,27,Hindu,Mumbai,MBA,Business Analyst,Looking for Mumbai
959,Arjun,Male,30,Hindu,Mumbai,B.Com,Accountant,Looking for Mumbai
960,Ayaan,Male,32,Hindu,Mumbai,B.Com,Accountant,Looking for Mumbai
961,Sakshi,Female,28,Hindu,Bangalore,B.Tech,UI/UX Designer,Looking for Bangalore
962,Myra,Female,30,Hindu,Bangalore,B.Tech,UI/UX Designer,Looking for Bangalore
963,Diya,Female,29,Hindu,Bangalore,B.Tech,Product Manager,Looking for Bangalore
964,Sakshi,Female,29,Hindu,Bangalore,B.Tech,Product Manager,Looking for Bangalore
965,Megha,Female,28,Hindu,Bangalore,Bachelor of Design,UI/UX Designer,Looking for Bangalore
966,Vanshika,Female,30,Hindu,Bangalore,Bachelor of Design,UI/UX Designer,Looking for Bangalore
967,Kavya,Female,29,Hindu,Bangalore,MBA,Product Manager,Looking for Bangalore
968,Divya,Female,29,Hindu,Bangalore,MBA,Product Manager,Looking for Bangalore
969,Aarti,Female,26,Hindu,Bangalore,Bachelor of Design,Product Designer,Looking for Bangalore
970,Sakshi,Female,28,Hindu,Bangalore,Bachelor of Design,Product Designer,Looking for Bangalore
971,Neha,Female,26,Hindu,Bangalore,B.Tech,UX Researcher,Looking for Bangalore
972,Nisha,Female,29,Hindu,Bangalore,B.Tech,UX Researcher,Looking for Bangalore
973,Kiara,Female,29,Hindu,Bangalore,B.Tech,Product Manager,Looking for Bangalore
974,Divya,Female,27,Hindu,Bangalore,B.Tech,Product Manager,Looking for Bangalore
975,Divya,Female,28,Hindu,Bangalore,BFA,UI/UX Designer,Looking for Bangalore
976,Simran,Female,26,Hindu,Bangalore,BFA,UI/UX Designer,Looking for Bangalore
977,Ananya,Female,30,Hindu,Bangalore,BFA,Graphic Designer,Looking for Bangalore
978,Tanya,Female,27,Hindu,Bangalore,BFA,Graphic Designer,Looking for Bangalore
979,Ananya,Female,28,Hindu,Bangalore,B.Tech,Web Designer,Looking for Bangalore
980,Ananya,Female,28,Hindu,Bangalore,B.Tech,Web Designer,Looking for Bangalore
981,Shruti,Female,26,Hindu,Hyderabad,M.Tech,Data Scientist,Looking for Hyderabad
982,Swati,Female,24,Hindu,Hyderabad,M.Tech,Data Scientist,Looking for Hyderabad
983,Ishita,Female,24,Hindu,Hyderabad,MS in CS,Data Scientist,Looking for Hyderabad
984,Kavya,Female,28,Hindu,Hyderabad,MS in CS,Data Scientist,Looking for Hyderabad
985,Sakshi,Female,27,Hindu,Hyderabad,M.Tech,Data Scientist,Looking for Hyderabad
986,Preeti,Female,26,Hindu,Hyderabad,M.Tech,Data Scientist,Looking for Hyderabad
987,Aaradhya,Female,25,Hindu,Hyderabad,MS in CS,Data Scientist,Looking for Hyderabad
988,Sakshi,Female,28,Hindu,Hyderabad,MS in CS,Data Scientist,Looking for Hyderabad
989,Ishita,Female,27,Hindu,Hyderabad,M.Tech,ML Engineer,Looking for Hyderabad
990,Saanvi,Female,25,Hindu,Hyderabad,M.Tech,ML Engineer,Looking for Hyderabad
991,Pari,Female,24,Hindu,Hyderabad,MS in CS,AI Engineer,Looking for Hyderabad
992,Preeti,Female,28,Hindu,Hyderabad,MS in CS,AI Engineer,Looking for Hyderabad
993,Simran,Female,27,Hindu,Hyderabad,B.Tech,Data Scientist,Looking for Hyderabad
994,Pooja,Female,25,Hindu,Hyderabad,B.Tech,Data Scientist,Looking for Hyderabad
995,Simran,Female,25,Hindu,Hyderabad,MS in CS,ML Engineer,Looking for Hyderabad
996,Shruti,Female,28,Hindu,Hyderabad,MS in CS,ML Engineer,Looking for Hyderabad
997,Sara,Female,28,Hindu,Hyderabad,M.Tech,Data Analyst,Looking for Hyderabad
998,Riya,Female,26,Hindu,Hyderabad,M.Tech,Data Analyst,Looking for Hyderabad
999,Tara,Female,27,Hindu,Hyderabad,PhD CS,Research Scientist,Looking for Hyderabad
1000,Sakshi,Female,24,Hindu,Hyderabad,PhD CS,Research Scientist,Looking for Hyderabad
